Source_Name,Energy_Flux100,Unc_Energy_Flux100,PL_Index,CLASS,RA_Counterpart,DEC_Counterpart,Redshift,SED_class,nuFnu_syn,Highest_energy,ASSOC1
4FGL J0017.5-0514,1.22E-11,8.88E-13,2.563,FSRQ,4.399238417,-5.211602222,0.227,LSP,2.61E-12,-inf,PMN J0017-0512
4FGL J0210.7-5101,4.74E-11,1.02E-12,2.3416083,FSRQ,32.69250178,-51.01719217,1.003,LSP,6.07E-12,24.4463,PKS 0208-512
4FGL J0221.1+3556,8.68E-11,1.85E-12,2.2875438,FSRQ,35.27289052,35.93718443,0.944,LSP,2.80E-12,101.521,B2 0218+357
4FGL J0237.8+2848,8.95E-11,1.44E-12,2.3156402,FSRQ,39.468357,28.80249724,1.206,LSP,7.18E-12,42.1336,4C +28.07
4FGL J0403.9-3605,9.06E-11,1.21E-12,2.5284357,FSRQ,60.97395793,-36.08386475,1.417,LSP,2.18E-11,32.1045,PKS 0402-362
4FGL J0423.3-0120,4.17E-11,1.28E-12,2.3318553,FSRQ,65.81583635,-1.342518208,0.916,LSP,2.65E-11,34.6048,PKS 0420-01
4FGL J0457.0-2324,2.03E-10,2.30E-12,2.2056735,FSRQ,74.26324678,-23.41445007,1.003,LSP,5.20E-12,111.023,PKS 0454-234
4FGL J0530.9+1332,2.58E-11,1.89E-12,2.560303,FSRQ,82.73506979,13.53198598,2.07,LSP,2.49E-12,10.9062,PKS 0528+134
4FGL J0532.6+0732,5.92E-11,1.63E-12,2.3571353,FSRQ,83.16249364,7.545373703,1.254,LSP,3.23E-12,37.4278,OG 050
4FGL J0654.4+4514,1.75E-11,9.83E-13,2.2699974,FSRQ,103.5988069,45.23987399,0.928,LSP,2.31E-12,79.2,B3 0650+453
4FGL J0725.2+1425,4.84E-11,1.28E-12,2.2888758,FSRQ,111.3200324,14.42048517,1.038,LSP,2.01E-12,37.222,4C +14.23
4FGL J0830.8+2410,2.25E-11,9.45E-13,2.5217457,FSRQ,127.7170258,24.18328342,0.939,LSP,6.53E-12,14.2045,S3 0827+24
4FGL J0841.3+7053,5.31E-11,9.92E-13,2.819621,FSRQ,130.351522,70.89504806,2.218,LSP,4.37E-12,-inf,4C +71.07
4FGL J1033.9+6050,4.17E-11,1.58E-12,2.2151487,FSRQ,158.4642874,60.85203754,1.401,LSP,4.57E-12,45.0342,S4 1030+61
4FGL J1048.4+7143,6.82E-11,1.35E-12,2.2886355,FSRQ,162.115083,71.72664955,1.15,LSP,2.96E-12,31.2034,S5 1044+71
4FGL J1153.4+4931,1.82E-11,6.23E-13,2.411873,FSRQ,178.3519443,49.5191195,0.334,LSP,9.77E-12,38.6427,4C +49.22
4FGL J1224.9+2122,2.32E-10,2.30E-12,2.3418603,FSRQ,186.22691,21.37955233,0.434,LSP,1.23E-11,161.89,4C +21.35
4FGL J1229.0+0202,1.29E-10,1.56E-12,2.7048068,FSRQ,187.2779156,2.052388336,0.158,LSP,9.03E-11,60.5125,3C 273
4FGL J1256.1-0547,2.79E-10,2.66E-12,2.2900188,FSRQ,194.0465274,-5.789312547,0.536,LSP,3.53E-11,66.5184,3C 279
4FGL J1427.9-4206,3.54E-10,3.35E-12,2.2048283,FSRQ,216.9845732,-42.10539936,1.522,LSP,2.37E-11,59.0618,PKS 1424-41
4FGL J1457.4-3539,3.77E-11,1.21E-12,2.3243513,FSRQ,224.3612988,-35.65276989,1.424,LSP,3.56E-12,34.149,PKS 1454-354
4FGL J1504.4+1029,1.90E-10,2.14E-12,2.250125,FSRQ,226.1040824,10.49422181,1.839,LSP,2.12E-12,51.0967,PKS 1502+106
4FGL J1512.8-0906,4.59E-10,3.85E-12,2.3825283,FSRQ,228.2105539,-9.099952742,0.36,LSP,1.11E-11,230.846,PKS 1510-089
4FGL J1626.0-2950,4.23E-11,1.55E-12,2.5642018,FSRQ,246.5250868,-29.85749204,0.815,LSP,7.42E-12,42.6192,PKS B1622-297
4FGL J1635.2+3808,1.65E-10,2.35E-12,2.4106271,FSRQ,248.8145541,38.13458349,1.814,LSP,8.25E-12,22.1671,4C +38.41
4FGL J1640.4+3945,3.00E-11,1.34E-12,2.4212947,FSRQ,250.1234699,39.77945234,1.66,LSP,1.12E-12,19.8167,NRAO 512
4FGL J1642.9+3948,2.79E-11,1.27E-12,2.4020476,FSRQ,250.7450415,39.81027609,0.593,LSP,2.10E-11,58.4782,3C 345
4FGL J1733.0-1305,6.60E-11,2.05E-12,2.3594265,FSRQ,263.2612741,-13.08043008,0.902,LSP,1.19E-11,37.5208,PKS 1730-13
4FGL J1848.4+3217,2.23E-11,1.71E-12,2.4108405,FSRQ,282.0920357,32.31738995,0.798,LSP,3.35E-12,25.433,B2 1846+32A
4FGL J1849.2+6705,4.99E-11,1.33E-12,2.2949107,FSRQ,282.3169678,67.09491119,0.657,LSP,1.35E-11,37.3328,S4 1849+67
4FGL J2126.3-4605,1.49E-11,6.56E-13,2.5543292,FSRQ,321.6279344,-46.09663673,1.67,LSP,1.20E-12,-inf,PKS 2123-463
4FGL J2147.1+0931,2.37E-11,9.46E-13,2.5378983,FSRQ,326.7923457,9.496297847,1.113,LSP,1.53E-12,79.8522,PKS 2144+092
4FGL J2147.3-7536,6.88E-11,1.28E-12,2.44087,FSRQ,326.8030444,-75.60367359,1.138,LSP,3.22E-11,137.008,PKS 2142-75
4FGL J2229.7-0832,4.73E-11,1.05E-12,2.5872872,FSRQ,337.4170181,-8.548454311,1.56,LSP,6.27E-12,17.0655,PKS 2227-08
4FGL J2232.6+1143,2.20E-10,2.19E-12,2.2865994,FSRQ,338.1517038,11.73080669,1.037,LSP,4.88E-12,37.6791,CTA 102
4FGL J2253.9+1609,1.11E-09,5.34E-12,2.396776,FSRQ,343.4906164,16.14821135,0.859,LSP,4.63E-11,80.5114,3C 454.3
4FGL J2311.0+3425,4.92E-11,1.14E-12,2.3505638,FSRQ,347.7722033,34.41969593,1.817,LSP,4.68E-12,41.3443,B2 2308+34
4FGL J2329.3-4955,1.51E-10,1.82E-12,2.2817457,FSRQ,352.3370069,-49.92795912,0.518,LSP,4.77E-12,53.4998,PKS 2326-502
4FGL J2345.2-1555,1.00E-10,2.07E-12,2.1499286,FSRQ,356.3019263,-15.91884292,0.621,LSP,5.30E-12,69.5712,PMN J2345-1555
4FGL J0539.6+1432,1.29E-11,1.13E-12,2.5451708,FSRQ,84.92652497,14.56265604,2.69,LSP,1.25E-12,-inf,TXS 0536+145
4FGL J0641.7-0320,2.69E-11,1.80E-12,2.6824963,FSRQ,100.4630539,-3.346828383,1.196,LSP,7.03E-13,-inf,PMN J0641-0320
4FGL J1833.6-2103,2.11E-10,3.46E-12,2.5344589,FSRQ,278.4159986,-21.06146639,2.507,LSP,3.63E-12,35.2253,PKS 1830-211
4FGL J2015.5+3710,7.80E-11,6.18E-12,2.4528527,FSRQ,303.8697075,37.18319858,0.859,LSP,1.08E-11,49.7065,MG2 J201534+3710
4FGL J0001.5+2113,1.93E-11,8.21E-13,2.659308,fsrq,0.3848771,21.22674296,1.106,ISP,1.15E-12,-inf,TXS 2358+209
4FGL J0004.3+4614,2.49E-12,4.60E-13,2.584969,fsrq,1.067198515,46.25499344,1.81,LSP,2.29E-13,-inf,MG4 J000421+4615
4FGL J0004.4-4737,6.51E-12,4.72E-13,2.36556,fsrq,1.148564538,-47.60544555,0.88,LSP,2.52E-12,-inf,PKS 0002-478
4FGL J0005.9+3824,8.36E-12,6.58E-13,2.6721156,fsrq,1.488230804,38.3375414,0.229,LSP,7.26E-12,-inf,S4 0003+38
4FGL J0010.6+2043,1.95E-12,4.42E-13,2.31787,fsrq,2.619762692,20.79716349,0.6,LSP,3.64E-13,-inf,TXS 0007+205
4FGL J0010.6-3025,4.52E-12,4.41E-13,2.4560356,fsrq,2.648925842,-30.46317183,1.19,LSP,6.70E-13,25.3734,PKS 0008-307
4FGL J0011.4+0057,5.86E-12,5.84E-13,2.3342156,fsrq,2.876680058,0.9644103111,1.492,LSP,8.56E-13,-inf,RX J0011.5+0058
4FGL J0013.6-0424,2.21E-12,6.46E-13,2.3075821,fsrq,3.475545663,-4.397859672,1.075,LSP,6.41E-13,-inf,PKS 0011-046
4FGL J0016.2-0016,9.95E-12,6.77E-13,2.7406797,fsrq,4.046202304,-0.2534570361,1.57631,LSP,6.77E-13,-inf,S3 0013-00
4FGL J0016.5+1702,3.08E-12,5.43E-13,2.6018126,fsrq,3.9166116,17.0112784,1.709,,0,-inf,GB6 J0015+1700
4FGL J0019.6+7327,2.11E-11,1.45E-12,2.6243196,fsrq,4.940776571,73.45833823,1.781,LSP,1.19E-12,-inf,S5 0016+73
4FGL J0023.7-6820,5.01E-12,4.57E-13,2.8068578,fsrq,6.028012125,-68.34849641,0.354,LSP,5.70E-12,-inf,PKS 0021-686
4FGL J0023.7+4457,5.84E-12,5.41E-13,2.436455,fsrq,5.897676958,44.94326618,1.062,,0,-inf,B3 0020+446
4FGL J0024.7+0349,2.41E-12,4.96E-13,2.3913183,fsrq,6.188405075,3.817663353,0.545,,0,28.8538,GB6 J0024+0349
4FGL J0025.2-2231,1.48E-12,3.77E-13,2.5031378,fsrq,6.351030875,-22.46322131,0.834,LSP,3.81E-13,-inf,PMN J0025-2228
4FGL J0028.4+2001,6.21E-12,5.63E-13,2.4137485,fsrq,7.124243692,20.00742889,1.5517,LSP,6.58E-13,12.9609,TXS 0025+197
4FGL J0030.3-4224,1.61E-11,6.41E-13,2.5236237,fsrq,7.572885929,-42.41291188,0.495,LSP,1.70E-12,91.8714,PKS 0027-426
4FGL J0037.6+3653,2.11E-12,4.92E-13,2.3518124,fsrq,9.442262442,36.98635653,0.366,LSP,1.11E-12,-inf,4C +36.01
4FGL J0038.2-2459,3.42E-12,4.16E-13,2.2622263,fsrq,9.561397946,-24.98395424,1.196,LSP,1.76E-12,42.2966,PKS 0035-252
4FGL J0039.0-0946,4.64E-12,5.01E-13,2.690274,fsrq,9.776215271,-9.713024822,2.1015,LSP,3.54E-13,-inf,TXS 0036-099
4FGL J0041.4+3800,1.82E-12,4.01E-13,1.9358172,fsrq,10.34599503,37.98216621,0.38,HSP,1.14E-12,78.5282,B3 0038+377
4FGL J0042.2+2319,5.08E-12,5.27E-13,2.3218625,fsrq,10.51893821,23.33362834,1.426,LSP,4.24E-13,15.708,PKS 0039+230
4FGL J0043.8+3425,2.62E-11,1.28E-12,1.9526112,fsrq,10.9535129,34.44058119,0.966,LSP,3.01E-13,109.971,GB6 J0043+3426
4FGL J0044.2-8424,3.82E-12,6.32E-13,2.6622696,fsrq,11.11120522,-84.3777743,1.032,LSP,1.11E-12,-inf,PKS 0044-84
4FGL J0045.1-3706,6.94E-12,4.62E-13,2.5946522,fsrq,11.30027538,-37.09679627,-inf,LSP,9.89E-13,10.3385,PKS 0042-373
4FGL J0047.9+2233,7.20E-12,8.99E-13,2.5089388,fsrq,12.01090268,22.59003343,1.161,LSP,3.36E-13,22.1662,GB6 J0048+2234
4FGL J0049.6-4500,2.23E-12,3.77E-13,2.6326447,fsrq,12.31926683,-44.95310122,0.121,LSP,6.94E-12,-inf,PMN J0049-4457
4FGL J0050.0-5736,5.53E-12,5.00E-13,2.6166286,fsrq,12.49780433,-57.64092778,1.797,LSP,1.40E-12,-inf,PKS 0047-579
4FGL J0050.4-0452,1.40E-11,7.23E-13,2.3781056,fsrq,12.58972829,-4.872387542,0.92,LSP,5.66E-13,32.2179,PKS 0047-051
4FGL J0051.1-0648,9.21E-12,7.49E-13,2.3505692,fsrq,12.78420761,-6.833952622,1.975,LSP,2.32E-12,12.6528,PKS 0048-071
4FGL J0051.5-4220,3.64E-12,4.83E-13,2.796241,fsrq,12.78959092,-42.44258145,1.749,LSP,6.77E-13,-inf,PKS 0048-427
4FGL J0058.0-0539,6.11E-12,6.12E-13,2.45726,fsrq,14.52110964,-5.664521689,1.2456,LSP,7.97E-13,60.4375,PKS 0055-059
4FGL J0058.4+3315,3.06E-12,4.73E-13,2.3432217,fsrq,14.63362089,33.18811515,1.369,LSP,4.80E-13,18.0281,MG3 J005830+3311
4FGL J0059.2+0006,2.38E-12,5.09E-13,2.3763874,fsrq,14.77297888,0.1143390917,0.719017,LSP,1.62E-12,-inf,PKS 0056-00
4FGL J0059.5-3338,1.85E-12,3.42E-13,2.8083227,fsrq,15.03912926,-33.62553787,0.874,LSP,2.20E-13,-inf,PKS B0057-338
4FGL J0101.8-7543,2.91E-12,5.09E-13,2.7899492,fsrq,15.57775048,-75.7810363,1.017,,0,-inf,PKS 0101-76
4FGL J0102.4+4214,7.91E-12,5.70E-13,2.6797183,fsrq,15.61312497,42.23860942,0.874,LSP,1.30E-12,-inf,GB6 J0102+4214
4FGL J0104.8-2416,6.50E-12,4.80E-13,2.5919423,fsrq,16.24252241,-24.27456835,1.747,LSP,1.48E-12,-inf,PKS 0102-245
4FGL J0108.1-0039,3.89E-12,6.60E-13,2.743876,fsrq,17.11184401,-0.6233791778,1.374626,LSP,1.26E-12,-inf,PKS 0105-008
4FGL J0108.6+0134,1.16E-10,1.69E-12,2.3618586,fsrq,17.16154629,1.583421453,2.099,LSP,6.04E-12,32.2949,4C +01.02
4FGL J0112.0-6634,3.73E-12,4.27E-13,2.727102,fsrq,18.07880382,-66.57921886,1.1888,LSP,9.08E-13,-inf,PKS 0110-668
4FGL J0112.1-0321,3.49E-12,5.18E-13,2.5255811,fsrq,18.16306197,-3.478560789,0.77177,ISP,4.91E-13,-inf,TXS 0110-037
4FGL J0112.8+3208,3.01E-11,9.57E-13,2.3405662,fsrq,18.20972105,32.13817571,0.603,LSP,1.22E-11,32.0247,4C +31.03
4FGL J0113.1-3553,3.53E-12,3.97E-13,2.4037652,fsrq,18.31606828,-35.8634352,1.22,LSP,1.34E-12,17.1555,PMN J0113-3551
4FGL J0113.4+4948,1.20E-11,7.17E-13,2.2192433,fsrq,18.36252837,49.80667869,0.389,LSP,3.97E-12,46.2684,S4 0110+49
4FGL J0115.1-0129,4.88E-12,6.06E-13,2.7212763,fsrq,18.82124975,-1.451271436,1.365,LSP,1.58E-12,-inf,PKS 0112-017
4FGL J0116.0-1136,1.27E-11,6.26E-13,2.3620806,fsrq,19.05217512,-11.60428733,0.67,LSP,5.10E-12,12.9248,PKS 0113-118
4FGL J0116.5-3046,2.12E-12,3.94E-13,2.6980448,fsrq,18.94377295,-30.8220557,1.414,,0,-inf,PKS 0113-310
4FGL J0117.8-2109,1.14E-11,9.13E-13,2.3761268,fsrq,19.45325057,-21.18517587,1.49,LSP,1.90E-12,12.3464,PKS 0115-214
4FGL J0118.9-2141,3.15E-11,1.33E-12,2.259725,fsrq,19.73859243,-21.69170562,1.165,LSP,3.86E-12,48.4174,PKS 0116-219
4FGL J0125.7-0015,4.07E-12,5.05E-13,2.9635518,fsrq,21.32146089,-0.3080298333,1.077,,0,-inf,PKS 0122-005
4FGL J0126.0-2221,6.84E-12,5.80E-13,2.5871994,fsrq,21.56250692,-22.37600083,0.72,LSP,1.32E-12,-inf,PKS 0123-226
4FGL J0128.5+4440,1.58E-12,3.92E-13,2.131759,fsrq,22.17224553,44.65499475,0.228,LSP,2.83E-13,19.8206,GB6 J0128+4439
4FGL J0129.8+1440,4.54E-12,5.42E-13,2.7014964,fsrq,22.48061319,14.77995456,1.626359,LSP,3.40E-13,-inf,4C +14.06
4FGL J0132.7-1654,2.17E-11,7.65E-13,2.3434708,fsrq,23.18119775,-16.91347833,1.02,LSP,6.47E-12,24.8542,PKS 0130-17
4FGL J0133.1-5201,9.92E-12,5.73E-13,2.323499,fsrq,23.27401045,-52.00109596,0.925,LSP,8.72E-13,18.7359,PKS 0131-522
4FGL J0134.3-3842,2.28E-12,3.51E-13,2.48977,fsrq,23.63345898,-38.72594046,2.14,LSP,1.20E-12,-inf,PMN J0134-3843
4FGL J0134.5+2637,9.43E-12,7.38E-13,1.9873419,fsrq,23.61747831,26.645281,0.571,HSP,4.49E-12,242.259,RX J0134.4+2638
4FGL J0137.0+4751,4.45E-11,1.23E-12,2.3015184,fsrq,24.24414503,47.85808336,0.859,LSP,1.43E-11,41.0128,OC 457
4FGL J0137.6-2430,1.64E-11,6.25E-13,2.536223,fsrq,24.40977686,-24.51496819,0.835,LSP,6.77E-12,25.4856,PKS 0135-247
4FGL J0145.0-2732,1.21E-11,5.63E-13,2.6034374,fsrq,26.26414414,-27.55953568,1.148,LSP,3.47E-12,10.1773,PKS 0142-278
4FGL J0152.2+2206,7.35E-12,6.09E-13,2.6774778,fsrq,28.07524602,22.11880551,1.32,LSP,2.48E-12,-inf,PKS 0149+21
4FGL J0153.5-5107,3.85E-12,5.97E-13,3.2412739,fsrq,28.58206558,-51.13103485,1.582,LSP,5.52E-13,-inf,PKS 0152-513
4FGL J0157.7-4614,5.76E-12,7.30E-13,2.4454005,fsrq,29.46298267,-46.23979469,2.287,LSP,2.19E-13,-inf,PMN J0157-4614
4FGL J0158.8+0101,3.71E-12,5.26E-13,2.5186286,fsrq,29.71987827,1.025812064,1.61,LSP,2.94E-13,20.4981,GB6 J0158+0101
4FGL J0200.6-6637,4.90E-12,4.56E-13,2.577632,fsrq,30.28226681,-66.63685163,-inf,LSP,3.67E-13,10.8928,PMN J0201-6638
4FGL J0202.4+0849,2.10E-12,4.72E-13,1.8334899,fsrq,30.61009788,8.820470464,0.629,HSP,7.73E-13,46.7656,TXS 0159+085
4FGL J0202.6-0258,2.92E-12,4.96E-13,2.3761237,fsrq,30.66637493,-3.035540992,1.34441,LSP,3.12E-13,-inf,WISE J020239.94-030207.9
4FGL J0205.0-1700,1.23E-11,5.70E-13,2.6324944,fsrq,31.24030974,-17.022178,1.74,LSP,1.38E-12,-inf,PKS 0202-17
4FGL J0205.2+3212,1.30E-11,7.25E-13,2.656786,fsrq,31.27052236,32.20835986,1.466,LSP,2.60E-12,17.3471,B2 0202+31
4FGL J0206.0-0958,1.38E-12,3.87E-13,1.8365036,fsrq,31.56625517,-9.954854072,0.165866,,0,10.6089,2MASS J02061590-0957174
4FGL J0206.4-1151,1.22E-11,6.25E-13,2.3991108,fsrq,31.6086864,-11.8443679,1.663,LSP,1.02E-12,14.2236,PMN J0206-1150
4FGL J0217.0-0821,4.48E-12,4.89E-13,2.343247,fsrq,34.26109301,-8.347875583,0.607,LSP,1.35E-12,-inf,PKS 0214-085
4FGL J0217.4+7352,1.29E-11,1.07E-12,2.9398217,fsrq,34.37838902,73.82572827,2.367,LSP,2.40E-12,-inf,S5 0212+73
4FGL J0217.8+0144,3.16E-11,1.13E-12,2.23636,fsrq,34.45397815,1.747138633,1.715,LSP,7.68E-12,50.0129,PKS 0215+015
4FGL J0220.2+3246,2.81E-12,5.71E-13,2.7438648,fsrq,35.2002209,32.68512883,1.62,LSP,6.52E-13,-inf,CRATES J022048+324116
4FGL J0221.5+2513,1.82E-12,3.61E-13,2.0220895,fsrq,35.36235456,25.24268479,0.4818,ISP,4.33E-13,-inf,2MASS J02212698+2514338
4FGL J0222.0-1616,5.85E-12,5.32E-13,2.4044077,fsrq,35.50302101,-16.25459677,0.698,LSP,1.49E-12,83.8488,PKS 0219-164
4FGL J0223.0-3447,2.11E-12,3.93E-13,2.5489528,fsrq,35.73500688,-34.6913139,1.49,LSP,8.47E-13,-inf,PKS 0220-349
4FGL J0223.2-1653,3.40E-12,5.08E-13,2.7165964,fsrq,35.93235016,-16.94380569,1.015,LSP,3.93E-13,-inf,PKS 0221-171
4FGL J0224.2+0700,3.79E-12,5.98E-13,2.5021942,fsrq,36.11845081,6.989817111,0.511,LSP,4.96E-12,-inf,PKS 0221+067
4FGL J0224.9+1843,5.84E-12,7.79E-13,2.9506242,fsrq,36.2694535,18.78021302,2.69,LSP,6.14E-13,-inf,TXS 0222+185
4FGL J0226.5+0938,3.98E-12,5.45E-13,2.1507807,fsrq,36.64273541,9.645620628,2.605,LSP,5.17E-13,-inf,NVSS J022634+093843
4FGL J0227.2+3928,4.58E-12,7.80E-13,2.7907963,fsrq,36.78089986,39.52819947,1.571,LSP,1.99E-13,-inf,B2 0224+39
4FGL J0228.0-3026,2.24E-12,4.07E-13,2.1975,fsrq,36.91890281,-30.43434141,0.3028,LSP,1.07E-12,25.0566,PKS 0225-306
4FGL J0228.3-5547,2.62E-11,1.62E-12,2.2321527,fsrq,37.08999323,-55.76757793,2.464,LSP,4.64E-13,23.8587,PKS 0226-559
4FGL J0229.5-3644,1.31E-11,6.02E-13,2.6031847,fsrq,37.36853772,-36.73245061,2.115,LSP,1.21E-12,31.3951,PKS 0227-369
4FGL J0230.8+4032,1.08E-11,8.77E-13,2.4502447,fsrq,37.69046161,40.54807464,1.019,LSP,1.33E-12,43.3215,B3 0227+403
4FGL J0231.2-4745,6.15E-12,4.97E-13,2.7586105,fsrq,37.79918345,-47.76988419,0.765,LSP,1.22E-12,-inf,PMN J0231-4746
4FGL J0231.8+1322,9.23E-12,7.65E-13,2.6782382,fsrq,37.94122525,13.38186565,2.065,LSP,1.75E-12,15.03,4C +13.14
4FGL J0236.8-6136,1.26E-11,6.72E-13,2.3529525,fsrq,39.22185727,-61.60421762,0.467,LSP,8.22E-12,35.0707,PKS 0235-618
4FGL J0239.7+0415,9.30E-12,6.13E-13,2.7752786,fsrq,39.96359604,4.2726144,0.978,LSP,1.25E-12,-inf,PKS 0237+040
4FGL J0242.3+1102,6.65E-12,7.73E-13,2.5818152,fsrq,40.62154523,11.01686889,2.68,LSP,1.32E-12,-inf,OD 166
4FGL J0243.2-0550,4.01E-12,5.28E-13,2.7743633,fsrq,40.80195616,-5.848693153,1.805,LSP,9.98E-13,-inf,PKS 0240-060
4FGL J0245.4+2408,7.89E-12,7.24E-13,2.6761081,fsrq,41.32023314,24.09310403,2.243,LSP,3.94E-13,-inf,B2 0242+23
4FGL J0245.5-4502,7.89E-12,7.24E-13,2.9621017,fsrq,41.47546005,-44.99433899,0.2828,ISP,6.76E-12,-inf,PKS 0244-452
4FGL J0245.9-4650,3.75E-11,9.19E-13,2.41746,fsrq,41.5004916,-46.85478688,1.385,LSP,4.38E-12,30.5631,PKS 0244-470
4FGL J0251.5-5958,2.87E-12,4.02E-13,2.214969,fsrq,42.85936165,-60.00173506,1.373,LSP,2.82E-13,-inf,PKS 0250-602
4FGL J0252.8-2219,5.05E-11,1.05E-12,2.3597271,fsrq,43.19980688,-22.32374049,1.419,LSP,1.37E-12,57.2323,PKS 0250-225
4FGL J0252.9+3834,3.55E-12,5.30E-13,2.631836,fsrq,43.28703364,38.59027755,1.122,LSP,8.45E-13,-inf,B2 0249+38
4FGL J0253.2-5441,4.23E-12,4.11E-13,2.532099,fsrq,43.37158501,-54.69762111,0.539,LSP,5.46E-12,10.9039,PKS 0252-549
4FGL J0253.5+3216,4.70E-12,5.75E-13,2.173452,fsrq,43.39020896,32.2891366,0.859,LSP,1.52E-12,37.1288,MG3 J025334+3217
4FGL J0257.9-1215,3.62E-12,4.79E-13,2.647769,fsrq,44.42085246,-12.20038359,1.391,LSP,6.48E-13,-inf,PMN J0257-1211
4FGL J0259.4+0746,2.14E-11,9.59E-13,2.1981485,fsrq,44.86281927,7.794345278,0.893,LSP,1.02E-12,50.6943,PKS 0256+075
4FGL J0259.5+1924,2.53E-12,6.35E-13,2.3721404,fsrq,44.87356642,19.42897987,0.545,,0,-inf,TXS 0256+192
4FGL J0301.6-7155,4.83E-12,4.65E-13,2.538781,fsrq,45.41019065,-71.94288866,0.8232,LSP,1.34E-12,-inf,PKS 0301-721
4FGL J0303.3-7913,3.98E-12,5.27E-13,2.4661438,fsrq,45.83709767,-79.24903282,1.115,LSP,1.16E-12,13.6036,PMN J0303-7914
4FGL J0303.6-6211,1.12E-11,6.02E-13,2.4503238,fsrq,45.960964,-62.19043054,1.351,LSP,2.90E-12,26.2622,PKS 0302-623
4FGL J0309.0+1029,1.86E-11,1.11E-12,2.3504846,fsrq,47.26509791,10.48787249,0.863,LSP,1.03E-11,42.9472,PKS 0306+102
4FGL J0309.9-6058,2.78E-11,8.70E-13,2.4910004,fsrq,47.48374646,-60.97751565,1.479,LSP,2.18E-12,15.1107,PKS 0308-611
4FGL J0310.9+3815,5.58E-12,6.24E-13,2.395798,fsrq,47.70783303,38.24828831,0.945,LSP,1.34E-12,14.2427,B3 0307+380
4FGL J0312.8+0134,7.41E-12,6.27E-13,2.327311,fsrq,48.18168016,1.554879131,0.664,LSP,1.41E-12,24.8423,PKS 0310+013
4FGL J0314.6-6549,2.39E-12,3.94E-13,2.4364452,fsrq,48.59352241,-65.80686008,0.636,LSP,7.84E-13,-inf,PKS 0313-660
4FGL J0315.9-1033,8.33E-12,6.31E-13,2.475458,fsrq,48.98697021,-10.52760303,1.565,LSP,2.47E-13,11.6045,PKS 0313-107
4FGL J0317.7-2804,1.45E-12,3.33E-13,2.2993774,fsrq,49.39041379,-28.05517016,1.166,LSP,2.36E-13,-inf,PKS 0315-282
4FGL J0325.0-2416,1.59E-12,3.86E-13,2.488264,fsrq,51.30560265,-24.26334805,1.161,LSP,1.77E-13,-inf,PKS 0323-244
4FGL J0325.7+2225,2.06E-11,9.70E-13,2.653165,fsrq,51.40339315,22.40010157,2.066,LSP,3.99E-12,-inf,TXS 0322+222
4FGL J0332.1-1123,2.16E-12,5.16E-13,2.3897016,fsrq,53.09694986,-11.33072601,0.207,LSP,2.91E-12,-inf,1RXS J033223.2-111938
4FGL J0336.4+3224,1.29E-11,1.49E-12,2.800158,fsrq,54.12544838,32.30815063,1.259,LSP,1.10E-11,-inf,NRAO 140
4FGL J0336.8-3612,3.75E-12,4.98E-13,2.8129003,fsrq,54.22509777,-36.2683955,1.537,LSP,9.65E-13,-inf,PKS 0335-364
4FGL J0337.8-1157,2.48E-12,5.43E-13,2.7235012,fsrq,54.48104811,-12.06792872,3.442,LSP,1.00E-13,-inf,PKS 0335-122
4FGL J0339.5-0146,5.84E-11,1.33E-12,2.3237684,fsrq,54.87890745,-1.776612258,0.85,LSP,4.97E-12,43.9741,PKS 0336-01
4FGL J0340.4-2422,1.72E-12,3.71E-13,1.9989964,fsrq,55.09537125,-24.40204666,0.683,,0,-inf,NVSS J034022-242411
4FGL J0342.2+3858,4.30E-12,6.17E-13,2.2570558,fsrq,55.56778704,38.98507674,0.945,LSP,6.54E-13,26.217,GB6 J0342+3858
4FGL J0343.2-2529,5.90E-12,6.21E-13,2.5365694,fsrq,55.83134957,-25.50483503,1.419,LSP,3.18E-12,12.1715,PKS 0341-256
4FGL J0343.4+3621,5.47E-12,7.66E-13,2.3537512,fsrq,55.87063508,36.37011938,1.485,LSP,7.70E-13,-inf,OE 367
4FGL J0348.5-2749,8.72E-12,5.28E-13,2.176991,fsrq,57.15893571,-27.82043491,0.991,LSP,1.82E-12,101.94,PKS 0346-27
4FGL J0349.8-2103,1.52E-11,7.07E-13,2.4779627,fsrq,57.49094448,-21.04659487,2.944,LSP,6.87E-13,-inf,PKS 0347-211
4FGL J0354.7-1617,1.24E-11,1.19E-12,2.5286722,fsrq,58.60428619,-16.27290344,1.187,LSP,4.27E-13,-inf,PKS 0352-164
4FGL J0401.7+2112,8.61E-12,7.69E-13,2.419842,fsrq,60.43819201,21.17460751,0.834,LSP,1.17E-12,34.5458,TXS 0358+210
4FGL J0402.1-3147,3.57E-12,4.25E-13,2.3942745,fsrq,60.58860834,-31.79054039,1.288,LSP,1.10E-12,-inf,PKS 0400-319
4FGL J0403.3+2601,3.89E-12,6.81E-13,2.5859144,fsrq,60.77327536,26.00041744,2.109,LSP,1.03E-12,-inf,OF 200
4FGL J0405.6-1308,9.06E-12,5.76E-13,2.5478158,fsrq,61.3916808,-13.13713636,0.571,LSP,2.94E-12,41.1319,PKS 0403-13
4FGL J0407.0-3826,2.34E-11,9.62E-13,2.364604,fsrq,61.74598058,-38.44112285,1.285,LSP,1.88E-12,27.443,PKS 0405-385
4FGL J0413.1-5332,6.03E-12,5.53E-13,2.4116828,fsrq,63.30614537,-53.53348516,1.024,LSP,2.94E-13,34.2738,PMN J0413-5332
4FGL J0416.2-4353,2.49E-12,4.10E-13,2.548558,fsrq,64.05530037,-43.84893456,0.398,LSP,1.16E-12,-inf,SUMSS J041613-435057
4FGL J0416.5-1852,1.00E-11,5.63E-13,2.3945532,fsrq,64.15226854,-18.85231671,1.536,LSP,1.32E-12,47.5271,PKS 0414-189
4FGL J0422.1-0644,1.63E-11,7.69E-13,2.490661,fsrq,65.54498093,-6.729258394,0.242,LSP,2.52E-12,19.4264,PMN J0422-0643
4FGL J0422.8+0225,4.05E-12,8.62E-13,2.830942,fsrq,65.71756106,2.324147444,2.277,LSP,6.67E-13,-inf,PKS 0420+022
4FGL J0429.3-4326,1.53E-12,3.54E-13,2.4086306,fsrq,67.3543276,-43.47681668,1.423,LSP,2.28E-13,-inf,PKS 0427-435
4FGL J0433.6-6030,1.22E-11,6.53E-13,2.4387877,fsrq,68.39211855,-60.50382481,0.9301,LSP,1.06E-12,20.871,PKS 0432-606
4FGL J0438.4-1254,4.13E-12,5.55E-13,2.4328334,fsrq,69.64592086,-12.85093307,1.276,LSP,8.82E-13,-inf,PKS 0436-129
4FGL J0440.3-4333,2.20E-12,5.53E-13,2.6419153,fsrq,70.07158322,-43.55239005,2.852,,0,-inf,PKS 0438-43
4FGL J0442.6-0017,4.79E-11,1.15E-12,2.4407701,fsrq,70.66108635,-0.2953946861,0.449,LSP,5.93E-12,28.1653,PKS 0440-00
4FGL J0445.1-6012,2.76E-12,3.92E-13,2.0456583,fsrq,71.2563324,-60.24991989,0.097,,0,44.231,PMN J0444-6014
4FGL J0449.1+1121,3.31E-11,1.20E-12,2.507167,fsrq,72.28196294,11.35794344,2.153,LSP,4.00E-12,13.7027,PKS 0446+11
4FGL J0449.2+6329,8.45E-12,8.72E-13,2.2596424,fsrq,72.34712743,63.53595395,0.781,LSP,2.91E-12,34.2597,S4 0444+63
4FGL J0449.6-8100,1.37E-12,4.27E-13,2.1126099,fsrq,72.52266753,-81.01728648,0.444,,0,54.6618,PKS 0454-81
4FGL J0451.8-4651,6.11E-12,5.80E-13,2.4527757,fsrq,72.9722716,-46.88885782,0.602,LSP,2.56E-13,-inf,PKS 0450-469
4FGL J0453.1-2806,2.32E-11,7.11E-13,2.6514199,fsrq,73.31102833,-28.12703523,2.564,LSP,3.48E-12,10.7723,PKS 0451-28
4FGL J0455.7-4617,1.60E-11,7.33E-13,2.5186698,fsrq,73.96155201,-46.26629992,0.858,LSP,2.99E-12,30.4299,PKS 0454-46
4FGL J0456.6-3136,5.64E-12,4.64E-13,2.5205545,fsrq,74.15284729,-31.6034664,0.865,LSP,9.92E-13,-inf,PMN J0456-3135
4FGL J0457.0+0646,5.61E-12,7.03E-13,2.5393949,fsrq,74.28212479,6.752016878,0.405,LSP,4.31E-12,27.479,4C +06.21
4FGL J0501.2-0158,4.42E-11,1.11E-12,2.3732846,fsrq,75.30337453,-1.987293442,2.291,LSP,4.21E-12,15.691,S3 0458-02
4FGL J0502.4+0609,6.60E-12,9.88E-13,2.6502917,fsrq,75.56435805,6.152081617,1.106,LSP,8.38E-13,-inf,PKS 0459+060
4FGL J0503.1-6045,2.62E-12,6.61E-13,2.7136836,fsrq,76.00708801,-60.83126096,1.037,,0,-inf,PKS 0503-608
4FGL J0505.3+0459,6.95E-11,1.96E-12,2.3681707,fsrq,76.34660304,4.995201253,0.954,LSP,5.95E-12,27.5001,PKS 0502+049
4FGL J0505.8-0419,6.46E-12,7.15E-13,2.4023533,fsrq,76.46349328,-4.324059397,1.481,LSP,4.86E-13,69.1409,S3 0503-04
4FGL J0507.7-6104,1.02E-11,7.28E-13,2.5163383,fsrq,76.97779456,-61.07864318,1.089,LSP,9.88E-13,19.6443,PMN J0507-6104
4FGL J0508.2-1937,2.69E-12,4.33E-13,2.339223,fsrq,77.07916697,-19.59893709,1.88,LSP,2.66E-13,-inf,PMN J0508-1936
4FGL J0509.4+1012,8.81E-12,8.16E-13,2.4080453,fsrq,77.36440444,10.19572228,0.621,LSP,9.69E-13,34.9895,PKS 0506+101
4FGL J0510.0+1800,3.68E-11,1.58E-12,2.2001865,fsrq,77.50987137,18.01155046,0.416,LSP,6.16E-12,97.8206,PKS 0507+17
4FGL J0515.6-4556,9.22E-12,7.32E-13,2.4186463,fsrq,78.93854216,-45.94533277,0.194,LSP,2.73E-12,23.428,PKS 0514-459
4FGL J0517.5+0858,3.35E-12,8.24E-13,2.0953026,fsrq,79.41691064,8.976611044,0.328,LSP,8.99E-13,-inf,PMN J0517+0858
4FGL J0521.3-1734,3.18E-12,5.35E-13,2.3740072,fsrq,80.34815595,-17.62505104,0.347,LSP,1.24E-12,-inf,TXS 0519-176
4FGL J0525.4-4600,3.34E-12,5.12E-13,2.3761303,fsrq,81.38083394,-45.96519029,1.479,LSP,2.07E-12,14.5462,PKS 0524-460
4FGL J0526.2-4830,2.10E-11,1.13E-12,2.2955563,fsrq,81.56946382,-48.51021994,1.3,LSP,1.85E-12,34.7095,PKS 0524-485
4FGL J0529.4-0521,5.68E-12,9.10E-13,2.545944,fsrq,82.47305625,-5.328227017,0.685,,0,-inf,PMN J0529-0519
4FGL J0532.9-8325,3.63E-12,6.43E-13,2.0767248,fsrq,83.40983581,-83.40992598,0.774,LSP,8.96E-13,69.9978,PKS 0541-834
4FGL J0533.8-3749,2.94E-12,4.34E-13,2.3416107,fsrq,83.57286063,-37.7904426,1.668,LSP,3.16E-13,35.7933,PKS 0532-378
4FGL J0536.4-3401,2.20E-11,8.99E-13,2.615437,fsrq,84.11846816,-34.01985229,0.684,LSP,1.25E-12,11.0818,PKS 0534-340
4FGL J0539.9-2839,1.63E-11,7.97E-13,2.7312999,fsrq,84.97617281,-28.66554112,3.104,LSP,8.85E-13,18.9572,PKS 0537-286
4FGL J0540.8-5415,6.88E-12,6.60E-13,2.626593,fsrq,85.19103355,-54.30613765,1.185,LSP,1.98E-12,-inf,PKS 0539-543
4FGL J0541.6-0541,9.78E-12,1.49E-12,2.546916,fsrq,85.4086807,-5.697063464,0.838,LSP,1.31E-12,-inf,PKS 0539-057
4FGL J0550.3-5733,1.90E-12,4.29E-13,2.217954,fsrq,87.53991746,-57.54011013,2.001,LSP,3.97E-12,23.0003,PKS 0549-575
4FGL J0600.6-3939,6.23E-12,6.40E-13,2.8572624,fsrq,90.13090618,-39.61727654,1.661,LSP,7.80E-13,-inf,PKS 0558-396
4FGL J0601.1-7035,2.28E-11,9.16E-13,2.418488,fsrq,90.29686567,-70.60244222,2.409,LSP,3.02E-12,31.825,PKS 0601-70
4FGL J0601.8-2003,4.31E-12,5.87E-13,2.6211333,fsrq,90.47010968,-20.07922554,1.216,LSP,8.91E-13,-inf,PMN J0601-2004
4FGL J0608.0+6721,5.79E-12,5.04E-13,2.4903984,fsrq,91.96946508,67.34872502,1.97,LSP,1.94E-12,-inf,S4 0602+67
4FGL J0608.0-0835,2.22E-11,1.32E-12,2.427968,fsrq,91.99874684,-8.580549519,0.87,LSP,3.08E-12,18.8943,PKS 0605-08
4FGL J0608.1-6028,5.15E-12,7.69E-13,2.7043133,fsrq,91.97952823,-60.53110876,1.1,LSP,1.10E-12,-inf,PKS 0607-605
4FGL J0608.1-1521,1.32E-11,9.37E-13,2.5826209,fsrq,92.00638305,-15.34360521,1.094,LSP,6.75E-13,13.5222,PMN J0608-1520
4FGL J0609.0-2219,2.93E-12,5.13E-13,2.240284,fsrq,92.24869516,-22.33915464,1.926,LSP,1.39E-12,-inf,PKS 0606-223
4FGL J0610.9-6054,3.51E-12,6.59E-13,2.5824187,fsrq,92.62623073,-60.97715578,1.773,LSP,4.19E-13,-inf,PKS 0609-609
4FGL J0612.5-3138,5.41E-12,6.21E-13,2.499993,fsrq,93.1236015,-31.64949868,0.873,LSP,1.56E-12,12.1383,PKS 0610-316
4FGL J0618.1-2428,3.12E-12,5.61E-13,2.3628263,fsrq,94.59439678,-24.44387403,0.2995,ISP,1.40E-12,-inf,PMN J0618-2426
4FGL J0622.4-6433,2.94E-12,5.36E-13,3.0361822,fsrq,95.78206799,-64.60575619,0.128889,LSP,1.87E-11,-inf,RX J062308.0-643619
4FGL J0625.8-5441,4.13E-12,5.55E-13,2.7322555,fsrq,96.46762795,-54.64741837,2.051,LSP,5.74E-13,-inf,PMN J0625-5438
4FGL J0633.4-2222,4.85E-12,7.55E-13,2.5962121,fsrq,98.3614722,-22.38954264,1.508,LSP,5.26E-13,-inf,PMN J0633-2223
4FGL J0634.9-2335,7.05E-12,7.46E-13,2.6120405,fsrq,98.74583749,-23.5866548,1.535,LSP,1.86E-12,-inf,PMN J0634-2335
4FGL J0635.6-7518,1.31E-11,6.95E-13,2.7008731,fsrq,98.94378287,-75.27133762,0.653,LSP,9.33E-12,11.1801,PKS 0637-75
4FGL J0638.6+7320,5.61E-12,5.87E-13,3.0269978,fsrq,99.84150527,73.41612247,1.85,LSP,1.41E-11,-inf,S5 0633+73
4FGL J0644.4-6712,2.18E-11,1.02E-12,2.1568253,fsrq,101.1168505,-67.21593277,-inf,LSP,2.43E-12,42.2336,PKS 0644-671
4FGL J0646.7-3913,4.23E-12,5.86E-13,2.9848886,fsrq,101.6288355,-39.06086231,0.681,LSP,1.21E-12,-inf,PKS 0644-390
4FGL J0648.0-3045,1.39E-11,8.36E-13,2.4875946,fsrq,102.0587353,-30.73879437,1.153,LSP,7.03E-13,13.6177,PKS 0646-306
4FGL J0654.3+5042,1.31E-11,7.50E-13,2.2269819,fsrq,103.5920548,50.70663146,1.253,LSP,1.76E-12,24.4636,GB6 J0654+5042
4FGL J0659.6-2742,3.76E-12,6.87E-13,2.458426,fsrq,104.9579874,-27.75514212,1.727,LSP,2.93E-13,-inf,TXS 0657-276
4FGL J0701.5-4634,1.48E-11,8.24E-13,2.4418776,fsrq,105.3939445,-46.57684064,0.822,LSP,3.45E-12,12.8604,PKS 0700-465
4FGL J0710.8-3851,9.64E-12,7.71E-13,2.4952297,fsrq,107.6818181,-38.84362142,0.129,LSP,7.38E-12,-inf,AT20G J071043-385037
4FGL J0713.8+1935,1.83E-11,9.09E-13,2.3998811,fsrq,108.4819966,19.58344703,0.54,LSP,4.89E-12,26.1652,MG2 J071354+1934
4FGL J0718.0+4536,6.51E-12,6.18E-13,2.4298928,fsrq,109.4660518,45.63423913,0.94,LSP,7.52E-13,12.2025,S4 0714+45
4FGL J0719.3+3307,3.76E-11,1.11E-12,2.2026818,fsrq,109.8309153,33.11936348,0.779,LSP,1.51E-11,50.2937,B2 0716+33
4FGL J0723.5+2900,3.23E-12,4.99E-13,2.67182,fsrq,110.9784899,28.99162593,0.966,LSP,1.21E-12,-inf,GB6 J0723+2859
4FGL J0726.4-4727,1.24E-11,1.05E-12,2.4785762,fsrq,111.6093341,-47.48148961,1.686,LSP,1.30E-12,-inf,PMN J0726-4728
4FGL J0729.1+5703,2.37E-12,4.47E-13,2.5109274,fsrq,112.2067985,57.02343734,0.426,LSP,2.26E-12,-inf,TXS 0724+571
4FGL J0733.8+0455,5.87E-12,6.08E-13,2.4368167,fsrq,113.4894162,4.937360156,3.01,LSP,5.70E-13,17.653,GB6 J0733+0456
4FGL J0734.0+5021,5.05E-12,4.95E-13,2.4713655,fsrq,113.4688357,50.3691839,0.72,LSP,3.85E-12,-inf,TXS 0730+504
4FGL J0739.2+0137,6.12E-11,1.39E-12,2.4111016,fsrq,114.8251412,1.617949383,0.189,LSP,1.37E-11,105.624,PKS 0736+01
4FGL J0741.4-4709,5.26E-12,7.98E-13,2.5886526,fsrq,115.4385227,-47.15722145,0.765,LSP,1.23E-12,-inf,PMN J0741-4709
4FGL J0742.1+4902,1.82E-12,3.80E-13,2.2661674,fsrq,115.511454,49.00433581,2.312,LSP,1.20E-12,-inf,GB6 J0742+4900
4FGL J0742.6+5443,2.72E-11,8.67E-13,2.3201187,fsrq,115.6657945,54.74018526,0.72,LSP,1.68E-12,55.1597,GB6 J0742+5444
4FGL J0743.0-5622,4.00E-12,6.63E-13,2.724006,fsrq,115.8353548,-56.32582161,2.319,LSP,5.28E-13,-inf,PMN J0743-5619
4FGL J0746.0-0039,2.47E-12,5.86E-13,2.8771124,fsrq,116.475343,-0.7382055111,0.994,,0,-inf,PKS 0743-006
4FGL J0746.4+2546,6.52E-12,6.04E-13,2.859004,fsrq,116.6078091,25.81725964,2.987498,LSP,5.22E-13,-inf,B2 0743+25
4FGL J0746.5+2730,2.83E-12,4.93E-13,2.622411,fsrq,116.668468,27.58306863,1.69,LSP,8.88E-13,-inf,OI 272
4FGL J0748.6+2400,8.08E-12,6.04E-13,2.3394456,fsrq,117.1504553,24.00669721,0.409854,LSP,4.34E-12,15.9688,OI 275
4FGL J0749.9+1823,3.90E-12,7.40E-13,2.5219543,fsrq,117.5013748,18.386502,1.161,LSP,3.38E-12,-inf,TXS 0747+185
4FGL J0750.8+1229,1.02E-11,6.72E-13,2.5166676,fsrq,117.7168572,12.51800784,0.889,,0,33.5313,OI 280
4FGL J0752.2+3313,3.29E-12,4.66E-13,2.4339397,fsrq,117.9736385,33.22217184,1.935716,,0,32.438,OI 380
4FGL J0758.1+1134,3.04E-12,4.69E-13,2.266058,fsrq,119.5319078,11.61279105,0.568712,,0,-inf,TXS 0755+117
4FGL J0803.2-0337,1.10E-11,7.59E-13,2.0060735,fsrq,120.8003252,-3.600160981,0.365,HSP,9.82E-13,109.863,TXS 0800-034
4FGL J0805.2-0110,8.12E-12,6.46E-13,2.4797359,fsrq,121.303702,-1.18716535,1.388,LSP,6.31E-13,22.5157,PKS B0802-010
4FGL J0805.4+6147,7.77E-12,5.29E-13,2.7967112,fsrq,121.3257482,61.73991682,3.033,LSP,5.82E-13,-inf,TXS 0800+618
4FGL J0806.5+4503,3.02E-12,4.50E-13,2.6068885,fsrq,121.6394689,45.07563133,2.102,LSP,5.68E-13,-inf,B3 0803+452
4FGL J0808.2-0751,7.07E-11,1.65E-12,2.2190485,fsrq,122.0647335,-7.852746269,1.837,LSP,7.86E-12,130.355,PKS 0805-07
4FGL J0808.5+4950,5.16E-12,4.90E-13,2.9036968,fsrq,122.1652762,49.84348067,1.435161,LSP,5.43E-13,-inf,OJ 508
4FGL J0809.3+4053,3.39E-12,4.84E-13,2.5881245,fsrq,122.2360502,40.8791358,1.418,LSP,1.15E-12,-inf,S4 0805+41
4FGL J0809.5+5341,6.96E-12,6.43E-13,2.2919388,fsrq,122.4238865,53.69030371,2.133,LSP,3.51E-13,13.6118,87GB 080551.6+535010
4FGL J0815.6+3641,1.62E-12,4.13E-13,2.3318074,fsrq,123.8581036,36.58754133,1.028,,0,-inf,OJ 320
4FGL J0818.8+3229,1.79E-12,5.45E-13,2.2334194,fsrq,124.7597024,32.44367113,0.649787,LSP,8.95E-13,17.6439,RX J0818.9+3227
4FGL J0823.1+4042,3.97E-12,5.20E-13,2.4560158,fsrq,125.7398164,40.69715748,0.8655,LSP,1.19E-12,29.3716,B3 0819+408
4FGL J0824.4+2440,4.40E-12,6.77E-13,2.5292974,fsrq,126.1375388,24.64531004,1.242,LSP,5.11E-13,13.8028,B2 0821+24
4FGL J0824.7+5552,9.16E-12,5.29E-13,2.611558,fsrq,126.1968182,55.87851925,1.417,LSP,9.46E-13,21.2131,OJ 535
4FGL J0824.9+3915,9.02E-12,5.65E-13,2.4317749,fsrq,126.2311827,39.27830668,1.216,LSP,1.76E-12,16.9035,4C +39.23
4FGL J0827.8+5221,1.70E-12,5.00E-13,2.0655518,fsrq,126.9737422,52.29952681,0.337622,,0,-inf,TXS 0824+524
4FGL J0829.4+0857,2.23E-12,4.29E-13,2.0651298,fsrq,127.3763293,8.972579833,0.866,LSP,2.74E-13,68.1222,TXS 0826+091
4FGL J0833.4-0458,1.36E-12,3.29E-13,2.1310706,fsrq,128.3270442,-4.916501517,3.45,LSP,2.42E-13,-inf,PMN J0833-0454
4FGL J0833.9+4223,6.59E-12,4.95E-13,2.4344852,fsrq,128.4745224,42.40051405,0.249073,LSP,3.26E-12,-inf,OJ 451
4FGL J0835.2-2243,1.56E-12,3.17E-13,2.5003211,fsrq,128.6841584,-22.68689229,1.064,,0,-inf,PMN J0834-2241
4FGL J0836.5-2026,5.67E-12,7.10E-13,2.90615,fsrq,129.1633969,-20.28319561,2.752,LSP,1.23E-12,-inf,PKS 0834-20
4FGL J0839.8+0105,6.24E-12,6.70E-13,2.4190989,fsrq,129.9567126,1.074093458,1.123,LSP,6.75E-13,-inf,PKS 0837+012
4FGL J0846.9+4608,2.28E-12,4.05E-13,2.7506897,fsrq,131.8929105,46.15777935,1.21648,LSP,3.86E-13,-inf,WISE J084734.29+460928.0
4FGL J0848.0-0524,3.12E-12,5.17E-13,2.8637145,fsrq,131.9946872,-5.342750028,1.242,LSP,7.60E-13,-inf,PKS 0845-051
4FGL J0850.1-1212,2.33E-11,9.85E-13,2.302789,fsrq,132.5401485,-12.22649336,0.566,LSP,6.71E-12,49.8713,PMN J0850-1213
4FGL J0852.2+2834,2.70E-12,4.47E-13,2.4921577,fsrq,133.0215399,28.56659183,1.282,LSP,2.58E-13,-inf,B2 0849+28
4FGL J0855.9+7144,4.16E-12,5.61E-13,2.6210897,fsrq,134.2286187,71.77330641,0.542,LSP,1.66E-12,-inf,GB6 J0856+7146
4FGL J0857.9-1949,1.00E-11,7.53E-13,2.5218425,fsrq,134.5223468,-19.84359313,0.659,LSP,1.91E-12,12.457,PKS 0855-19
4FGL J0903.1+4652,5.68E-12,4.49E-13,2.4673493,fsrq,135.7666254,46.85114928,1.462,LSP,1.10E-12,-inf,S4 0859+47
4FGL J0904.6+4238,2.62E-12,4.09E-13,2.2328908,fsrq,136.0651187,42.63465703,1.34246,LSP,2.63E-13,-inf,4C +42.28
4FGL J0906.7+4950,6.03E-12,5.79E-13,2.379666,fsrq,136.7146149,49.87665176,1.641,LSP,8.48E-13,-inf,87GB 090322.8+500444
4FGL J0909.1+0121,3.24E-11,1.17E-12,2.4695816,fsrq,137.2920483,1.359893789,1.024,LSP,4.60E-12,16.399,PKS 0906+01
4FGL J0909.7-0230,1.83E-11,9.75E-13,2.290326,fsrq,137.4371835,-2.525098614,0.957,LSP,6.95E-13,-inf,PKS 0907-023
4FGL J0910.6+2247,4.41E-12,6.81E-13,2.3448374,fsrq,137.6755547,22.80988398,2.661,LSP,3.95E-13,-inf,TXS 0907+230
4FGL J0912.2+4127,7.98E-12,5.16E-13,2.460565,fsrq,138.0483927,41.43593231,2.563,LSP,3.25E-13,-inf,B3 0908+416B
4FGL J0914.4+0249,2.07E-12,5.72E-13,2.4541314,fsrq,138.6579727,2.766457336,0.427,,0,-inf,PKS 0912+029
4FGL J0916.7+3856,6.62E-12,5.37E-13,2.4571347,fsrq,139.2037691,38.90781847,1.267541,LSP,6.50E-13,-inf,4C +38.28
4FGL J0917.1-2131,2.45E-12,6.15E-13,2.6456983,fsrq,139.362568,-21.52623961,0.847,LSP,5.09E-13,-inf,PKS 0915-213
4FGL J0920.9+4441,3.61E-11,1.75E-12,2.347851,fsrq,140.243577,44.69832918,2.186448,LSP,6.72E-12,31.0883,S4 0917+44
4FGL J0921.6+6216,1.47E-11,6.25E-13,2.3207235,fsrq,140.4009628,62.26449454,1.446,LSP,1.60E-12,51.0528,OK 630
4FGL J0922.4-0528,6.41E-12,5.50E-13,2.1422763,fsrq,140.5986369,-5.485328669,0.974,LSP,2.60E-12,28.7987,TXS 0919-052
4FGL J0923.5+4125,7.10E-12,6.09E-13,2.3553324,fsrq,140.8804373,41.42428874,1.732,LSP,6.83E-13,-inf,B3 0920+416
4FGL J0924.0+2816,5.38E-12,4.62E-13,2.5055525,fsrq,140.9646808,28.25695054,0.7442,LSP,2.76E-12,-inf,B2 0920+28
4FGL J0928.1-2035,6.57E-12,5.61E-13,2.4546432,fsrq,141.9659347,-20.58089793,0.348,LSP,6.70E-12,43.3263,PKS 0925-203
4FGL J0930.9+0033,6.73E-12,5.80E-13,2.715946,fsrq,142.7177231,0.5830394417,1.771,LSP,7.08E-13,-inf,PKS 0928+008
4FGL J0932.6+5306,6.26E-12,4.35E-13,2.4527516,fsrq,143.1714618,53.10938926,0.59719,LSP,5.76E-13,-inf,S4 0929+53
4FGL J0937.1+5008,4.58E-12,4.26E-13,2.396783,fsrq,144.301364,50.14780493,0.276,LSP,3.98E-12,-inf,GB6 J0937+5008
4FGL J0940.9-1335,9.47E-12,6.11E-13,2.405179,fsrq,145.2606228,-13.59749581,0.551,LSP,8.85E-13,-inf,TXS 0938-133
4FGL J0945.2+5200,3.28E-12,4.34E-13,2.7179549,fsrq,146.2173136,52.04283809,0.56298,LSP,8.57E-13,-inf,WISE J094452.09+520233.4
4FGL J0945.5+4635,8.04E-13,2.80E-13,1.7795888,fsrq,146.4253863,46.61405482,0.639,LSP,9.29E-13,-inf,B3 0942+468
4FGL J0946.6+1016,2.22E-11,8.37E-13,2.4260159,fsrq,146.6461248,10.28503735,1.007,LSP,5.15E-13,29.194,TXS 0943+105
4FGL J0949.0+4038,3.09E-12,4.42E-13,2.6077266,fsrq,147.2305756,40.66238527,1.249964,LSP,1.89E-12,-inf,4C +40.24
4FGL J0949.2+1749,2.78E-12,4.56E-13,2.5216506,fsrq,147.4156778,17.88039155,0.694321,LSP,1.00E-12,-inf,TXS 0946+181
4FGL J0956.0+3936,1.87E-12,3.76E-13,2.3936982,fsrq,149.0356592,39.58783473,1.17301,LSP,3.79E-13,-inf,WISE J095608.57+393515.8
4FGL J0956.7+2516,1.09E-11,5.85E-13,2.5470033,fsrq,149.2078141,25.25445829,0.708,LSP,3.79E-12,-inf,OK 290
4FGL J0957.3-1348,8.74E-12,6.83E-13,2.4667234,fsrq,149.3257628,-13.83366016,1.323,LSP,1.20E-12,-inf,PMN J0957-1350
4FGL J0957.6+5523,9.30E-11,1.77E-12,2.014449,fsrq,149.4091027,55.38271326,0.896,LSP,2.27E-12,145.882,4C +55.17
4FGL J0958.0+4728,5.46E-12,5.72E-13,2.5903063,fsrq,149.5819652,47.41884511,1.882,LSP,8.28E-13,-inf,OK 492
4FGL J0958.0+3222,3.90E-12,4.27E-13,2.6364586,fsrq,149.5872902,32.40061375,0.5306,LSP,3.18E-12,-inf,3C 232
4FGL J0958.4+5042,3.28E-12,3.81E-13,2.6630707,fsrq,149.6575392,50.66596765,1.154,LSP,3.66E-13,-inf,7C 0955+5054
4FGL J1006.7-2159,1.44E-11,6.99E-13,2.3508947,fsrq,151.6933903,-21.9890028,0.33,LSP,3.32E-12,99.3496,PKS 1004-217
4FGL J1007.6-3332,1.24E-11,8.11E-13,2.4404888,fsrq,151.8807809,-33.55186558,1.837,LSP,5.20E-13,17.6336,PKS 1005-333
4FGL J1010.8-0158,4.61E-12,5.35E-13,2.535405,fsrq,152.7152778,-2.0054374,0.896,LSP,1.05E-12,-inf,PKS 1008-01
4FGL J1011.3-0427,2.72E-12,5.09E-13,2.557727,fsrq,152.8759996,-4.391029792,1.588,LSP,4.54E-13,-inf,PKS B1008-041
4FGL J1012.7+2439,2.08E-11,8.95E-13,2.3138714,fsrq,153.1724097,24.65649364,1.805,LSP,1.96E-13,27.1334,MG2 J101241+2439
4FGL J1013.7+3444,4.42E-12,4.92E-13,2.5914874,fsrq,153.4567252,34.7641065,0.208,LSP,1.24E-12,-inf,OL 318
4FGL J1014.8+2257,5.01E-12,5.79E-13,2.789927,fsrq,153.6961061,23.02126965,0.566,LSP,2.35E-12,-inf,OL 220
4FGL J1015.6+5553,4.01E-12,3.96E-13,2.5471208,fsrq,153.9350692,55.85016818,0.677,LSP,3.31E-13,-inf,TXS 1012+560
4FGL J1016.0+0512,1.61E-11,8.50E-13,2.223479,fsrq,154.0130686,5.217317033,1.71272,LSP,8.92E-13,44.1696,TXS 1013+054
4FGL J1018.3-3124,1.23E-11,8.03E-13,2.5441039,fsrq,154.6198062,-31.39829159,0.794,LSP,1.79E-12,23.1561,PKS 1016-311
4FGL J1018.4+3540,6.70E-12,5.08E-13,2.5900664,fsrq,154.5457838,35.71095581,1.228,LSP,6.95E-13,-inf,B2 1015+35B
4FGL J1018.4+0528,4.25E-12,6.98E-13,2.2835557,fsrq,154.6160345,5.508322783,1.945255,LSP,4.81E-13,15.1875,TXS 1015+057
4FGL J1023.1+3949,1.83E-11,7.47E-13,2.3742175,fsrq,155.7981903,39.8042737,1.3328,LSP,7.79E-13,24.0963,4C +40.25
4FGL J1023.2+2859,2.60E-12,4.45E-13,2.6320763,fsrq,155.8501923,28.94749669,0.667572,LSP,5.19E-13,-inf,TXS 1020+292
4FGL J1023.9-3236,1.05E-11,7.87E-13,2.5032349,fsrq,156.0017662,-32.57112753,1.568,LSP,1.13E-12,18.1115,PKS 1021-323
4FGL J1027.9+0252,3.27E-12,5.61E-13,2.9590304,fsrq,157.0850054,2.92290885,0.715,LSP,4.20E-13,-inf,TXS 1025+031
4FGL J1028.4-0234,4.92E-12,5.60E-13,2.6134722,fsrq,157.141843,-2.61659075,0.476,LSP,1.73E-11,-inf,PMN J1028-0237
4FGL J1031.6+6019,9.71E-12,8.81E-13,2.6133347,fsrq,157.9364847,60.34176829,1.231173,LSP,1.81E-12,14.0275,TXS 1028+605
4FGL J1033.1+4115,1.41E-11,5.73E-13,2.412345,fsrq,158.2654494,41.26839804,1.117,LSP,7.54E-12,29.5232,S4 1030+41
4FGL J1036.2+2202,5.08E-12,4.89E-13,2.6147654,fsrq,159.1374196,22.05339029,0.595133,LSP,1.17E-12,-inf,OL 256
4FGL J1036.6-3741,3.68E-12,5.60E-13,2.6471655,fsrq,159.2226715,-37.73751831,1.821,LSP,1.30E-12,-inf,PKS 1034-374
4FGL J1037.4-2933,5.16E-12,6.47E-13,2.413907,fsrq,159.3169989,-29.56744819,0.312,LSP,5.28E-12,-inf,PKS 1034-293
4FGL J1037.7-2822,1.53E-11,8.41E-13,2.417249,fsrq,159.4269059,-28.38447453,1.066,LSP,1.57E-12,42.2371,PKS B1035-281
4FGL J1039.7-1540,2.77E-12,5.32E-13,2.8174343,fsrq,159.777938,-15.68519228,0.525,,0,-inf,PKS B1036-154
4FGL J1043.2+2408,1.05E-11,6.05E-13,2.3227484,fsrq,160.7876491,24.14316929,0.56,LSP,3.37E-12,42.2063,B2 1040+24A
4FGL J1044.6+8053,1.03E-11,9.46E-13,2.78454,fsrq,161.096094,80.91095639,1.254,LSP,3.99E-12,-inf,S5 1039+81
4FGL J1045.8-2928,5.98E-12,6.05E-13,2.5442457,fsrq,161.4192737,-29.45731504,2.128,LSP,6.41E-13,-inf,PKS B1043-291
4FGL J1048.0-1912,2.64E-12,4.79E-13,2.5618732,fsrq,162.0275879,-19.15992355,0.595,LSP,1.85E-12,-inf,PKS 1045-18
4FGL J1050.1+0432,1.14E-11,6.65E-13,2.6060333,fsrq,162.5419198,4.546976981,1.21725,LSP,9.80E-13,-inf,MG1 J105009+0433
4FGL J1051.4-3139,2.97E-12,5.64E-13,2.715844,fsrq,162.7699065,-31.63730769,1.429,LSP,3.74E-13,-inf,PKS 1048-313
4FGL J1051.6+2109,3.67E-12,5.59E-13,2.7712286,fsrq,162.9532878,21.33119828,1.3,LSP,8.94E-13,-inf,OL 282
4FGL J1056.8+7012,9.65E-12,8.92E-13,2.6821434,fsrq,164.2234063,70.19608765,2.492,LSP,1.42E-12,-inf,S5 1053+70
4FGL J1057.3-2341,5.91E-12,5.72E-13,2.50559,fsrq,164.3517552,-23.70047575,1.125,LSP,6.55E-13,-inf,PKS B1054-234
4FGL J1058.5+8115,6.30E-12,6.82E-13,2.510062,fsrq,164.5480641,81.24240976,0.706,LSP,2.43E-12,12.4619,S5 1053+81
4FGL J1059.5+2057,2.89E-12,5.38E-13,2.4148748,fsrq,164.9126778,20.95609888,0.4,,0,15.7346,MG2 J105938+2057
4FGL J1102.1+2249,4.34E-11,4.55E-12,2.7892408,fsrq,165.5131073,22.69892311,0.452,LSP,2.76E-13,-inf,CLASS J1102+2241
4FGL J1102.6+5251,2.15E-12,3.44E-13,2.6686213,fsrq,165.7076874,52.83684921,0.68984,ISP,1.59E-13,-inf,GB6 J1102+5249
4FGL J1102.9+3014,3.00E-12,4.71E-13,2.9566987,fsrq,165.8054246,30.2451951,0.384,LSP,1.23E-12,-inf,B2 1100+30B
4FGL J1103.0+1157,1.71E-11,7.88E-13,2.4128153,fsrq,165.7647076,11.97128464,0.913941,ISP,5.69E-13,31.4727,TXS 1100+122
4FGL J1106.0+2813,8.88E-12,6.67E-13,2.374943,fsrq,166.5302572,28.21307366,0.843521,LSP,2.30E-12,15.569,MG2 J110606+2812
4FGL J1107.0-4449,1.33E-11,8.37E-13,2.7028008,fsrq,166.7862255,-44.81878286,1.598,LSP,3.90E-12,-inf,PKS 1104-445
4FGL J1107.7-3042,2.39E-12,4.94E-13,2.4874477,fsrq,166.9339342,-30.72640161,0.74,LSP,9.59E-13,-inf,PKS 1105-304
4FGL J1112.5+3448,1.18E-11,7.08E-13,2.5179172,fsrq,168.1615382,34.77753046,1.9495,LSP,2.37E-12,17.1614,TXS 1109+350
4FGL J1114.5-0819,5.98E-12,6.08E-13,2.8237512,fsrq,168.6356277,-8.277500892,2.078,LSP,4.66E-13,-inf,PKS B1112-080
4FGL J1114.7-0248,4.08E-12,6.56E-13,2.905503,fsrq,168.6652663,-2.792150753,1.04,LSP,4.66E-13,-inf,PMN J1114-0248
4FGL J1118.2-4634,4.39E-12,7.54E-13,2.4221358,fsrq,169.6123235,-46.57083374,0.713,ISP,2.91E-12,-inf,PKS 1116-46
4FGL J1118.6-1235,4.68E-12,5.93E-13,2.7040374,fsrq,169.5714224,-12.54840597,1.739,,0,-inf,PKS 1115-12
4FGL J1119.0+1235,5.68E-12,5.73E-13,2.5864294,fsrq,169.738756,12.578255,2.125651,LSP,1.26E-12,-inf,OM 127
4FGL J1121.4-0553,2.21E-11,9.57E-13,2.4230757,fsrq,170.3546169,-5.899011139,1.297,LSP,1.78E-12,36.0444,PKS 1118-05
4FGL J1123.4-2529,2.94E-12,4.63E-13,2.2385087,fsrq,170.855724,-25.48251864,0.148,,0,-inf,NVSS J112325-252858
4FGL J1124.0+2336,5.78E-12,6.49E-13,2.406401,fsrq,171.0112745,23.61274166,1.549,LSP,1.33E-12,31.8441,OM 235
4FGL J1125.9+2005,3.38E-12,4.57E-13,2.2417314,fsrq,171.4947581,20.09842702,0.13297,LSP,3.76E-12,-inf,4C +20.25
4FGL J1127.0-1857,8.17E-11,1.65E-12,2.2020478,fsrq,171.7683019,-18.95484496,1.048,LSP,6.69E-12,92.8554,PKS 1124-186
4FGL J1127.4+5648,3.11E-12,3.87E-13,2.7177427,fsrq,171.91723,56.83744315,2.89,LSP,4.09E-13,-inf,S4 1124+57
4FGL J1127.8+3618,1.39E-11,6.70E-13,2.3712163,fsrq,171.9952951,36.34120871,0.884,LSP,3.44E-13,19.1633,MG2 J112758+3620
4FGL J1128.0+5924,4.66E-12,4.00E-13,2.472451,fsrq,172.0555861,59.42077736,1.795,LSP,6.83E-13,-inf,TXS 1125+596
4FGL J1129.8-1447,1.17E-11,6.67E-13,2.6918025,fsrq,172.5293858,-14.82427452,1.184,LSP,3.69E-12,-inf,PKS 1127-14
4FGL J1131.0+3815,1.10E-11,9.04E-13,2.4909816,fsrq,172.7220109,38.25515193,1.733,LSP,1.99E-12,15.9425,B2 1128+38
4FGL J1135.7-0427,4.61E-12,7.89E-13,2.6010394,fsrq,173.9926457,-4.474412875,0.273184,LSP,8.41E-12,-inf,PMN J1135-0428
4FGL J1136.2+3407,4.35E-12,4.50E-13,2.5531943,fsrq,174.1139332,34.12763448,1.33695,LSP,3.55E-13,-inf,MG2 J113627+3408
4FGL J1138.4+4857,2.74E-12,4.02E-13,2.8270414,fsrq,174.5087184,48.98256681,1.304,LSP,3.09E-13,-inf,GB6 J1138+4858
4FGL J1145.5+4423,1.75E-12,3.77E-13,2.4805868,fsrq,176.410494,44.3394207,0.299836,LSP,1.04E-12,-inf,B3 1143+446A
4FGL J1145.7+0453,2.34E-12,4.81E-13,3.0075574,fsrq,176.3388131,4.924080058,1.342,,0,-inf,PKS 1142+052
4FGL J1146.6-2902,2.29E-12,4.49E-13,2.3254437,fsrq,176.6091191,-28.98847353,0.45,LSP,1.38E-12,-inf,PKS 1143-287
4FGL J1146.9+3958,4.96E-11,1.15E-12,2.3826013,fsrq,176.742908,39.97619566,1.089,LSP,3.76E-12,43.1279,S4 1144+40
4FGL J1147.8-0724,9.93E-12,7.80E-13,2.4213653,fsrq,176.9648085,-7.411428114,1.342,LSP,9.34E-13,10.6011,PKS 1145-071
4FGL J1148.5+2629,3.02E-12,4.92E-13,2.9235892,fsrq,176.9990163,26.59509232,0.867225,LSP,1.66E-12,-inf,TXS 1145+268
4FGL J1152.3-0839,1.01E-11,6.79E-13,2.4123645,fsrq,178.0717063,-8.684253883,2.37,LSP,1.99E-12,23.554,PKS B1149-084
4FGL J1152.8+3308,2.87E-12,4.58E-13,3.0139525,fsrq,178.2162925,33.12187892,1.397596,LSP,1.99E-12,-inf,B2 1150+33A
4FGL J1153.0+8056,3.56E-12,5.62E-13,2.8695054,fsrq,178.3020801,80.97476516,1.25,LSP,1.71E-12,-inf,S5 1150+81
4FGL J1154.0+4037,3.25E-12,4.25E-13,2.1146507,fsrq,178.4777457,40.61461646,0.925125,LSP,4.68E-13,48.6804,B3 1151+408
4FGL J1154.0+6018,6.12E-12,5.13E-13,2.6984088,fsrq,178.5188971,60.37244883,1.12,LSP,9.27E-12,-inf,RX J1154.0+6022
4FGL J1158.5+4824,3.38E-12,4.56E-13,2.4425726,fsrq,179.6115396,48.42117495,2.028,LSP,3.57E-13,-inf,GB1 1155+486
4FGL J1159.3-2142,1.75E-11,9.30E-13,2.4320006,fsrq,179.8393022,-21.71247585,0.617,LSP,1.71E-12,13.5104,PMN J1159-2142
4FGL J1159.5+2914,7.89E-11,1.44E-12,2.1925628,fsrq,179.8826413,29.24550745,0.729,LSP,9.60E-12,48.017,Ton 599
4FGL J1202.5-0528,1.62E-12,3.48E-13,2.834307,fsrq,180.6426086,-5.467358589,0.381,LSP,3.61E-12,-inf,PKS 1200-051
4FGL J1204.8+0407,3.43E-12,4.99E-13,2.5781493,fsrq,181.2153168,4.13724947,1.947,LSP,2.35E-13,-inf,MG1 J120448+0408
4FGL J1205.7-2635,9.44E-12,6.98E-13,2.5291886,fsrq,181.3883846,-26.56790664,0.789,LSP,1.34E-12,12.5138,PKS 1203-26
4FGL J1207.7-0106,4.32E-12,5.16E-13,2.3375936,fsrq,181.9236567,-1.110191744,1.006,LSP,9.66E-13,11.7704,AT20G J120741-010630
4FGL J1208.9+5441,1.79E-11,5.74E-13,2.5895302,fsrq,182.2260685,54.69948982,1.345123,LSP,1.40E-12,13.7905,TXS 1206+549
4FGL J1209.7+2548,2.94E-12,3.52E-13,2.136309,fsrq,182.4378967,25.78437042,1.435,LSP,3.63E-13,-inf,B2 1207+26
4FGL J1209.8+1810,6.22E-12,5.47E-13,2.4110923,fsrq,182.4656786,18.16856131,0.845,LSP,7.32E-13,15.3947,MG1 J120953+1809
4FGL J1213.6+1306,5.88E-12,6.44E-13,2.465626,fsrq,183.3840435,13.12247348,1.14024,LSP,6.34E-13,-inf,4C +13.46
4FGL J1215.0+1656,9.02E-12,6.04E-13,2.410009,fsrq,183.7665798,16.91054358,1.132,LSP,9.94E-13,50.8861,TXS 1212+171
4FGL J1219.0+4827,1.45E-12,3.88E-13,2.4140222,fsrq,184.7767281,48.49893466,1.076,LSP,9.85E-13,-inf,ON 428
4FGL J1220.1+7105,2.19E-11,8.60E-13,2.3239832,fsrq,185.0151184,71.09198155,0.451,LSP,3.60E-13,49.1006,S5 1217+71
4FGL J1222.5+0414,2.27E-11,1.03E-12,2.7858946,fsrq,185.5939568,4.2210489,0.9642,LSP,4.59E-12,-inf,4C +04.42
4FGL J1223.9+5000,5.40E-12,5.87E-13,2.5419528,fsrq,186.041328,50.03207846,1.063952,LSP,8.54E-13,-inf,SBS 1221+503
4FGL J1225.0+0330,5.62E-12,4.29E-13,2.6270943,fsrq,186.2184296,3.513970137,0.956,LSP,6.12E-13,-inf,4C +03.23
4FGL J1228.7+4858,5.49E-12,5.52E-13,2.5555983,fsrq,187.2156994,48.96702521,1.716056,LSP,9.40E-13,-inf,TXS 1226+492
4FGL J1232.5+4821,4.20E-12,4.45E-13,2.3582668,fsrq,188.1449482,48.35915022,1.588,LSP,1.67E-13,19.9631,GB 1230+486
4FGL J1238.5-1201,6.14E-12,6.46E-13,2.660298,fsrq,189.5308986,-11.99018084,1.32,,0,-inf,TXS 1235-117
4FGL J1239.5+0443,6.98E-11,1.45E-12,2.3737445,fsrq,189.886482,4.718120344,1.761,LSP,1.06E-12,26.3673,MG1 J123931+0443
4FGL J1242.4-2948,1.61E-12,4.03E-13,3.0135021,fsrq,190.7948761,-29.72336197,1.135,LSP,1.52E-12,-inf,PKS 1240-294
4FGL J1246.7-2548,7.99E-11,1.77E-12,2.3127615,fsrq,191.6950085,-25.79702473,0.635,LSP,1.26E-11,38.0487,PKS 1244-255
4FGL J1251.3-1719,6.40E-12,5.82E-13,2.9740255,fsrq,192.810318,-17.28698921,0.606,LSP,6.30E-13,-inf,PMN J1251-1717
4FGL J1254.9+1138,6.22E-12,6.18E-13,2.7910984,fsrq,193.6593984,11.68497084,0.872,LSP,6.10E-13,-inf,ON 187
4FGL J1257.8+3228,1.10E-11,7.56E-13,2.3248267,fsrq,194.488466,32.49147959,0.806,LSP,3.28E-12,42.4085,ON 393
4FGL J1258.6-1759,1.43E-11,7.20E-13,2.392148,fsrq,194.6595904,-18.00086791,1.956,LSP,7.49E-13,-inf,PKS B1256-177
4FGL J1258.8-2219,2.17E-11,1.20E-12,2.3946154,fsrq,194.7269949,-22.3253125,1.303,LSP,2.53E-12,32.7734,PKS 1256-220
4FGL J1300.4+1416,9.39E-12,6.05E-13,2.737849,fsrq,195.0871618,14.28848101,1.108552,LSP,5.06E-13,-inf,OW 197
4FGL J1301.6+3336,2.95E-12,5.05E-13,2.5930498,fsrq,195.371478,33.61677334,1.0084,LSP,3.19E-13,-inf,MG2 J130126+3337
4FGL J1303.6-4622,5.85E-12,6.46E-13,2.2143722,fsrq,195.9178351,-46.35067377,1.664,LSP,9.45E-13,34.3982,PMN J1303-4621
4FGL J1304.6-0348,1.81E-12,4.67E-13,2.1760554,fsrq,196.1818425,-3.767375342,1.25,LSP,6.29E-13,-inf,PKS 1302-035
4FGL J1308.5+3547,4.34E-12,4.64E-13,2.3659832,fsrq,197.0987881,35.77699,1.055,LSP,1.45E-12,-inf,5C 12.291
4FGL J1310.5+3221,2.71E-11,1.97E-12,2.3395188,fsrq,197.6194327,32.34549523,0.997,LSP,5.82E-12,44.8369,OP 313
4FGL J1310.9+5514,3.47E-12,3.73E-13,2.5073543,fsrq,197.7633783,55.23175622,0.9245,,0,-inf,TXS 1308+554
4FGL J1311.0+3233,1.36E-11,1.73E-12,2.398504,fsrq,197.7475114,32.55956932,1.639,LSP,2.16E-12,17.0917,RX J131058.8+323335
4FGL J1312.8-0425,1.12E-11,7.83E-13,2.3968716,fsrq,198.2120884,-4.413858944,0.8249,LSP,5.22E-13,23.9094,PKS B1310-041
4FGL J1316.1-3338,2.92E-11,1.30E-12,2.3257072,fsrq,199.0332747,-33.64977021,1.21,LSP,3.51E-12,96.6705,PKS 1313-333
4FGL J1317.6+3428,5.19E-12,4.90E-13,2.5342805,fsrq,199.4020591,34.42109235,1.05,LSP,2.12E-12,-inf,S4 1315+34
4FGL J1320.7+3314,2.39E-12,4.46E-13,2.5084217,fsrq,200.1384002,33.19507143,0.923783,ISP,4.37E-13,-inf,87GB 131814.4+332742
4FGL J1321.1+2216,2.16E-11,1.04E-12,2.3711362,fsrq,200.2966773,22.27003007,0.943,LSP,1.86E-12,38.5055,TXS 1318+225
4FGL J1321.3-2641,2.36E-12,5.52E-13,2.5858026,fsrq,200.3084871,-26.60290702,2.027,LSP,3.98E-13,-inf,PKS 1318-263
4FGL J1322.0+8317,4.41E-12,4.57E-13,2.395293,fsrq,200.4400373,83.27039547,1.024,LSP,5.72E-13,29.9722,S5 1322+83
4FGL J1322.2+0842,3.94E-12,4.82E-13,2.2621434,fsrq,200.5424103,8.709124894,0.32549,LSP,2.18E-12,126.308,NVSS J132210+084231
4FGL J1322.6-0936,1.37E-11,7.61E-13,2.6208105,fsrq,200.6538026,-9.627166717,1.864,LSP,1.20E-12,10.8421,PKS B1319-093
4FGL J1324.9+4748,2.69E-12,4.99E-13,2.6739085,fsrq,201.1222602,47.72239573,2.26,,0,-inf,TXS 1322+479
4FGL J1326.7-0503,1.02E-12,3.63E-13,1.6777644,fsrq,201.7275581,-5.016381489,1.882,LSP,2.25E-13,90.9679,TXS 1324-047
4FGL J1326.9+2210,1.76E-11,9.28E-13,2.492763,fsrq,201.7535888,22.18060078,1.398,LSP,1.93E-12,24.6241,B2 1324+22
4FGL J1331.7-0343,3.72E-12,7.96E-13,2.9183896,fsrq,202.8715061,-3.687253897,1.352,LSP,4.61E-13,-inf,PKS 1328-034
4FGL J1332.0-0509,3.97E-11,1.56E-12,2.5144165,fsrq,203.0186028,-5.162029483,2.15,LSP,7.49E-12,27.0286,PKS 1329-049
4FGL J1332.2+4722,3.00E-12,4.65E-13,2.6418126,fsrq,203.1885268,47.37296324,0.6687,LSP,7.08E-13,-inf,B3 1330+476
4FGL J1332.6-1256,3.03E-11,1.72E-12,2.4186203,fsrq,203.1635475,-12.9375953,1.492,LSP,4.93E-13,21.943,PMN J1332-1256
4FGL J1333.2+2725,6.00E-12,4.69E-13,2.3151128,fsrq,203.2812113,27.42177301,0.731,LSP,1.39E-12,20.9243,MG2 J133305+2725
4FGL J1333.7+5056,9.05E-12,5.06E-13,2.3384774,fsrq,203.4740996,50.95997648,1.362,LSP,2.68E-13,28.6338,CLASS J1333+5057
4FGL J1334.5+5634,1.36E-12,3.29E-13,2.360104,fsrq,203.6562212,56.52996049,0.342578,ISP,1.02E-12,-inf,TXS 1332+567
4FGL J1337.4+5502,1.84E-12,4.41E-13,2.7583983,fsrq,204.4568428,55.01725485,1.099576,LSP,6.19E-13,-inf,S4 1335+55
4FGL J1337.6-1257,1.94E-11,1.15E-12,2.4217038,fsrq,204.4157616,-12.95685928,0.539,LSP,1.17E-11,17.8623,PKS 1335-127
4FGL J1338.0+6534,3.46E-12,4.73E-13,2.7232666,fsrq,204.3169153,65.54619905,0.946,LSP,5.17E-13,-inf,87GB 133543.8+654752
4FGL J1339.1-2620,3.01E-12,5.01E-13,2.2433553,fsrq,204.8328782,-26.34180434,1.51,LSP,1.04E-12,-inf,PKS 1336-260
4FGL J1339.9-0138,1.78E-12,3.24E-13,2.3094804,fsrq,205.0192294,-1.629595319,1.62,LSP,4.51E-13,-inf,PKS 1337-013
4FGL J1341.8-2053,7.50E-12,7.22E-13,2.731449,fsrq,205.5197481,-20.85820597,1.582,LSP,1.96E-12,-inf,PKS B1339-206
4FGL J1342.6+0944,3.05E-12,4.62E-13,2.1467204,fsrq,205.6667617,9.797878469,0.28279,,0,-inf,NVSS J134240+094752
4FGL J1343.6+5755,1.70E-12,3.58E-13,2.7190156,fsrq,205.9900846,57.91178867,0.933,ISP,4.14E-13,-inf,6C B134209.5+581020
4FGL J1344.0+6605,2.93E-12,4.22E-13,2.403549,fsrq,206.036165,66.10323438,1.351,LSP,5.18E-13,16.8961,GC 1342+663
4FGL J1344.2-1723,1.76E-11,9.70E-13,2.232561,fsrq,206.0600102,-17.39455427,2.49,LSP,2.41E-12,29.6699,PMN J1344-1723
4FGL J1345.5+4453,9.42E-11,1.41E-12,2.273348,fsrq,206.3882187,44.88321459,2.534,LSP,5.77E-13,50.3013,B3 1343+451
4FGL J1345.8+0706,1.15E-11,6.38E-13,2.443117,fsrq,206.4554782,7.108644606,1.0933,LSP,2.39E-12,35.2608,TXS 1343+073
4FGL J1347.6-3751,4.95E-12,5.98E-13,2.3374417,fsrq,206.918454,-37.84350561,1.3,LSP,1.02E-12,-inf,PMN J1347-3750
4FGL J1349.5-1131,1.38E-11,7.69E-13,2.4940784,fsrq,207.3810135,-11.54828609,0.34,ISP,1.55E-12,10.263,PKS 1346-112
4FGL J1350.8+3033,8.94E-12,5.08E-13,2.4153125,fsrq,207.7197343,30.58155297,0.711515,LSP,1.46E-12,20.0713,B2 1348+30B
4FGL J1351.0+0029,2.95E-12,4.74E-13,2.436807,fsrq,207.7684761,0.5220851111,2.084,LSP,4.02E-13,-inf,PKS 1348+007
4FGL J1354.3-0206,4.06E-12,6.12E-13,2.7275488,fsrq,208.5287305,-2.100886269,3.716,LSP,3.88E-13,-inf,PKS 1351-018
4FGL J1354.8-1041,9.35E-12,8.01E-13,2.4198596,fsrq,208.6938279,-10.68407119,0.33,LSP,2.61E-12,21.0211,PKS 1352-104
4FGL J1357.1+1921,4.37E-12,5.41E-13,2.7575893,fsrq,209.2684861,19.31871454,0.72,,0,-inf,4C +19.44
4FGL J1358.1+7642,5.85E-12,4.02E-13,2.3728662,fsrq,209.4807147,76.72251416,1.585,LSP,7.23E-13,10.6262,S5 1357+76
4FGL J1359.1+5544,6.50E-12,5.30E-13,2.4265208,fsrq,209.7739309,55.74149547,1.014,LSP,1.28E-12,40.5759,87GB 135720.6+555936
4FGL J1359.4+0202,3.68E-12,6.31E-13,2.385009,fsrq,209.8631222,1.998489739,1.325654,LSP,1.35E-12,-inf,PKS 1356+022
4FGL J1359.7+4012,3.88E-12,4.07E-13,2.608794,fsrq,209.9087261,40.19395852,0.407,LSP,2.08E-12,-inf,87GB 135731.7+402612
4FGL J1401.2-0915,3.13E-12,4.84E-13,2.0854545,fsrq,210.2722159,-9.275436553,0.667,LSP,4.91E-13,17.7647,PKS B1358-090
4FGL J1402.6-3330,3.85E-12,6.38E-13,2.7580202,fsrq,210.6725006,-33.56917191,2.14,,0,-inf,PMN J1402-3334
4FGL J1408.9-0751,1.86E-11,1.45E-12,2.3540058,fsrq,212.2353383,-7.874074047,1.493,LSP,2.21E-12,25.9271,PKS B1406-076
4FGL J1415.9-1002,7.34E-12,5.65E-13,2.7370229,fsrq,213.8368073,-9.932869911,2.001,LSP,5.54E-13,-inf,PKS B1412-096
4FGL J1417.9+4613,1.13E-11,4.65E-12,2.9706252,fsrq,214.2839966,46.11817169,1.554,LSP,7.72E-13,-inf,4C +46.29
4FGL J1418.7-3504,4.05E-12,6.16E-13,2.7940395,fsrq,214.7454871,-35.16180776,1.544,LSP,1.24E-12,-inf,PKS 1415-349
4FGL J1419.4-0838,2.26E-11,1.04E-12,2.24343,fsrq,214.8439836,-8.642261275,0.903,LSP,1.33E-12,19.6836,NVSS J141922-083830
4FGL J1419.5+3821,7.25E-12,5.26E-13,2.4721866,fsrq,214.944224,38.36346529,1.831,LSP,1.69E-12,72.229,B3 1417+385
4FGL J1421.1+3859,5.69E-12,6.00E-13,2.6699238,fsrq,215.2751312,38.92300797,0.489,,0,-inf,TXS 1419+391
4FGL J1422.3+3223,4.92E-12,4.26E-13,2.400952,fsrq,215.626579,32.38623336,0.682,LSP,1.03E-12,54.4997,OQ 334
4FGL J1423.5-7829,3.21E-12,6.40E-13,2.481124,fsrq,215.9314551,-78.49302761,0.788,LSP,3.65E-13,-inf,PKS 1418-782
4FGL J1426.4+3625,2.54E-12,5.77E-13,2.6762571,fsrq,216.6545313,36.41932598,1.091,LSP,7.90E-13,-inf,B2 1424+36
4FGL J1428.3+5635,4.81E-12,5.63E-13,2.543071,fsrq,217.1031494,56.60312271,2.129,LSP,2.54E-13,-inf,87GB 142651.1+564919
4FGL J1428.9+5406,2.16E-12,3.97E-13,2.5736613,fsrq,217.3411616,54.10308971,3.013,LSP,2.31E-13,-inf,S4 1427+543
4FGL J1433.0-1801,4.77E-12,6.80E-13,2.5971973,fsrq,218.2403776,-18.02645795,2.331,LSP,5.62E-13,-inf,PKS 1430-178
4FGL J1434.2+4204,4.21E-12,4.24E-13,2.458336,fsrq,218.523727,42.05444208,1.24,LSP,3.98E-13,-inf,B3 1432+422
4FGL J1434.7+1950,1.53E-11,9.59E-13,2.3031569,fsrq,218.6658057,19.86687103,1.382,LSP,3.79E-13,17.4537,OQ 253
4FGL J1436.9+2321,4.89E-12,5.60E-13,2.4924488,fsrq,219.1707545,23.35090546,1.547438,LSP,9.25E-13,13.2195,PKS B1434+235
4FGL J1438.0-3128,2.38E-12,5.27E-13,2.4437861,fsrq,219.5449404,-31.37459053,1.287,,0,-inf,PKS 1435-311
4FGL J1438.9+3710,1.18E-11,7.11E-13,2.4072416,fsrq,219.7233791,37.17650458,2.401,LSP,7.89E-13,11.4393,B2 1436+37B
4FGL J1441.6-1522,3.97E-12,8.60E-13,2.3885636,fsrq,220.4392385,-15.39340701,2.638,LSP,3.60E-13,-inf,PMN J1441-1523
4FGL J1443.9+2501,5.01E-11,1.53E-12,2.0921166,fsrq,220.9870508,25.0290252,0.939,LSP,5.72E-13,58.3727,PKS 1441+25
4FGL J1446.7+1719,2.88E-12,5.14E-13,2.4971426,fsrq,221.6472763,17.35210586,1.024,LSP,9.78E-13,-inf,S3 1444+17
4FGL J1449.6-2137,9.15E-13,3.04E-13,2.3624418,fsrq,222.4165649,-21.6568718,0.938,LSP,2.20E-13,-inf,PKS B1446-214
4FGL J1450.4+0910,5.13E-12,5.37E-13,2.3936188,fsrq,222.6298705,9.174431953,2.611,LSP,1.09E-12,-inf,TXS 1448+093
4FGL J1453.5+3505,1.71E-12,3.85E-13,2.363123,fsrq,223.3272719,35.09426758,0.721,LSP,4.80E-13,-inf,MG2 J145315+3506
4FGL J1454.1+1622,6.16E-12,5.59E-13,2.4086792,fsrq,223.586896,16.40676967,1.2763,LSP,3.47E-13,18.1476,CLASS J1454+1623
4FGL J1454.4-3744,8.41E-12,9.50E-13,2.5535352,fsrq,223.6142073,-37.79254024,0.314,LSP,4.56E-12,-inf,PKS 1451-375
4FGL J1459.5+1527,2.24E-12,4.37E-13,2.1039872,fsrq,224.8423089,15.44854804,0.3711,LSP,1.25E-12,82.7717,MG1 J145921+1526
4FGL J1506.1+3731,2.78E-11,7.73E-13,2.496249,fsrq,226.5397082,37.51420347,0.673,LSP,2.28E-12,26.6169,B2 1504+37
4FGL J1509.6-4334,5.26E-12,9.36E-13,2.677949,fsrq,227.3989048,-43.67553649,0.776,LSP,9.48E-13,-inf,PMN J1509-4340
4FGL J1510.1+5702,2.25E-12,4.37E-13,2.88175,fsrq,227.5121765,57.0453822,4.313,,0,-inf,GB 1508+5714
4FGL J1510.8-0542,1.61E-11,1.15E-12,2.4480126,fsrq,227.7232976,-5.718727106,1.191,LSP,2.44E-12,57.5214,PKS 1508-05
4FGL J1512.2+0202,1.64E-11,1.01E-12,2.1459827,fsrq,228.0655906,2.054716458,0.219915,LSP,3.10E-12,31.2748,PKS 1509+022
4FGL J1513.4-3231,1.08E-11,8.66E-13,2.4574244,fsrq,228.4124325,-32.58315177,1.153,LSP,2.95E-12,-inf,PKS 1510-324
4FGL J1520.5+4209,3.23E-12,4.53E-13,2.504795,fsrq,230.1655078,42.1865144,0.484,,0,-inf,B3 1518+423
4FGL J1521.8+4338,4.47E-12,5.77E-13,2.935895,fsrq,230.4567245,43.61090783,2.1677,LSP,6.41E-13,-inf,B3 1520+437
4FGL J1522.1+3144,1.58E-10,1.98E-12,2.4126687,fsrq,230.5416322,31.73732832,1.489,LSP,6.70E-13,50.6172,B2 1520+31
4FGL J1527.3+3117,2.85E-12,9.86E-13,2.569496,fsrq,231.8280706,31.25677359,1.392,,0,-inf,B2 1525+31
4FGL J1534.8+0131,1.32E-11,7.13E-13,2.4206076,fsrq,233.718557,1.517835133,1.428,LSP,1.55E-12,37.1468,PKS 1532+01
4FGL J1539.6+2743,9.42E-12,5.51E-13,2.3302116,fsrq,234.9130714,27.74394762,2.196,LSP,9.55E-13,30.2275,MG2 J153938+2744
4FGL J1542.3+1801,2.62E-12,5.32E-13,2.5223632,fsrq,235.5814667,17.93554688,1.65942,,0,-inf,OR 167
4FGL J1549.5+0236,1.50E-11,7.83E-13,2.4144902,fsrq,237.3726535,2.616989778,0.414,LSP,6.60E-12,11.4192,PKS 1546+027
4FGL J1550.7+0528,9.31E-12,7.67E-13,2.361517,fsrq,237.6469552,5.452902317,1.422,LSP,4.58E-12,11.3106,4C +05.64
4FGL J1553.6+1257,1.71E-11,9.29E-13,2.3990192,fsrq,238.3862411,12.94769881,1.29,LSP,1.63E-12,11.876,PKS 1551+130
4FGL J1553.6-2422,1.61E-11,8.81E-13,2.2970994,fsrq,238.3817825,-24.36834337,0.332,,0,55.5521,PKS 1550-242
4FGL J1557.9-0001,2.89E-12,6.39E-13,2.4475787,fsrq,239.4643082,-0.0306705,1.77,LSP,8.15E-13,-inf,PKS 1555+001
4FGL J1557.9-1404,1.74E-12,2.86E-13,2.2351396,fsrq,239.5914496,-14.16640391,0.097,HSP,5.97E-12,-inf,PKS 1555-140
4FGL J1604.6+5714,1.92E-11,7.49E-13,2.4165502,fsrq,241.1556443,57.24351693,0.72,LSP,2.16E-12,19.6244,GB6 J1604+5714
4FGL J1606.5+2717,2.83E-12,4.93E-13,2.677999,fsrq,241.742918,27.28488429,0.934,,0,-inf,B2 1604+27
4FGL J1608.3+4012,1.22E-12,2.99E-13,2.341534,fsrq,242.0923237,40.20495369,0.628143,LSP,1.19E-12,-inf,B2 1606+40
4FGL J1608.7+1029,1.37E-11,8.28E-13,2.5873656,fsrq,242.1925133,10.48549325,1.226,LSP,2.89E-12,-inf,4C +10.45
4FGL J1610.6+2414,2.93E-12,5.38E-13,2.5547948,fsrq,242.6751115,24.24694768,1.449,LSP,4.69E-13,-inf,B2 1608+24
4FGL J1613.6+3411,1.11E-11,5.84E-13,2.4374876,fsrq,243.421101,34.21330802,1.399,LSP,3.73E-12,20.6739,OS 319
4FGL J1615.6+4712,5.14E-12,4.64E-13,2.1893528,fsrq,243.9217383,47.1866011,0.19863,ISP,2.37E-12,25.8569,B3 1614+473
4FGL J1616.6+4630,2.50E-12,4.82E-13,2.6000006,fsrq,244.0156948,46.54034438,0.95206,LSP,3.21E-13,-inf,MG4 J161600+4632
4FGL J1617.9-7718,2.25E-11,9.90E-13,2.6073296,fsrq,244.4553185,-77.28846323,1.71,LSP,2.76E-12,17.5739,PKS 1610-77
4FGL J1618.0+5139,3.34E-12,4.18E-13,2.6745148,fsrq,244.3727722,51.67233701,2.55602,LSP,1.47E-13,-inf,TXS 1616+517
4FGL J1623.6+5743,1.75E-12,3.18E-13,2.1927683,fsrq,246.1033649,57.68785583,0.789,,0,-inf,TXS 1623+578
4FGL J1625.7-2527,5.29E-11,2.35E-12,2.3646595,fsrq,246.4453818,-25.46064637,0.786,LSP,6.74E-12,76.6259,PKS 1622-253
4FGL J1625.7+4134,5.43E-12,5.55E-13,2.5396888,fsrq,246.4902905,41.57795255,2.55,LSP,5.22E-13,-inf,4C +41.32
4FGL J1626.8+4337,2.49E-12,4.53E-13,2.9148245,fsrq,246.4721128,43.78717821,1.048,,0,-inf,MG4 J162551+4346
4FGL J1631.2+4926,8.16E-12,1.83E-12,2.5244832,fsrq,247.818924,49.46097565,0.52,LSP,1.39E-12,-inf,TXS 1629+495
4FGL J1635.6+3628,2.60E-12,7.60E-13,2.665583,fsrq,248.9468158,36.49165835,3.647763,LSP,7.00E-14,-inf,MG3 J163554+3629
4FGL J1637.7+4717,1.62E-11,7.38E-13,2.4279375,fsrq,249.438044,47.29273087,0.735,LSP,5.98E-12,37.8058,4C +47.44
4FGL J1638.1+5721,5.30E-12,4.38E-13,2.6806319,fsrq,249.5560679,57.33999417,0.751,LSP,3.33E-12,10.884,OS 562
4FGL J1639.2+4129,4.31E-12,5.08E-13,2.429751,fsrq,249.8158676,41.47602813,0.69056,LSP,6.02E-13,-inf,MG4 J163918+4127
4FGL J1645.6+6329,5.59E-12,4.39E-13,2.5467908,fsrq,251.4939695,63.50303405,2.379,LSP,1.14E-12,11.4639,TXS 1645+635
4FGL J1650.7+0831,6.82E-12,7.16E-13,2.5740783,fsrq,252.6565114,8.414508719,1.965,LSP,8.64E-13,-inf,MG1 J165034+0824
4FGL J1657.0+6010,3.55E-12,4.09E-13,2.4479358,fsrq,254.2010207,60.2045651,0.623,LSP,1.11E-12,-inf,RGB J1656+602
4FGL J1657.7+4808,1.85E-11,7.32E-13,2.4061375,fsrq,254.4453289,48.14251137,1.669,LSP,1.09E-12,46.8673,4C +48.41
4FGL J1659.0+2627,3.07E-12,5.71E-13,2.6222672,fsrq,254.8506228,26.49359531,0.793134,LSP,1.01E-12,-inf,4C +26.51
4FGL J1700.0+6830,3.11E-11,9.15E-13,2.376978,fsrq,255.0387202,68.50193312,0.301,LSP,2.74E-11,82.0951,TXS 1700+685
4FGL J1703.6-6213,3.25E-11,1.28E-12,2.4250188,fsrq,255.902255,-62.21111351,1.755,LSP,6.96E-12,17.4582,MRC 1659-621
4FGL J1706.9+4543,2.28E-12,4.80E-13,2.8191926,fsrq,256.8240662,45.60321808,0.648,LSP,1.20E-12,-inf,4C +45.34
4FGL J1707.5+1649,4.55E-12,5.66E-13,2.2538042,fsrq,256.8814517,16.81242014,0.291,LSP,2.24E-12,88.7348,MG1 J170732+1649
4FGL J1709.7+4318,3.00E-11,9.51E-13,2.3279479,fsrq,257.4211941,43.31237014,1.027,LSP,2.47E-12,44.9566,B3 1708+433
4FGL J1715.8+2151,1.79E-12,4.18E-13,2.2645206,fsrq,259.046628,21.87046324,0.358,LSP,7.11E-13,-inf,B2 1714+21
4FGL J1716.1+6836,7.39E-12,5.05E-13,2.3775625,fsrq,259.0580751,68.61076252,0.777,,0,13.0537,S4 1716+68
4FGL J1722.6+6104,5.92E-12,4.77E-13,2.8440971,fsrq,260.6669141,61.09994089,2.058,LSP,4.32E-13,-inf,GB6 J1722+6105
4FGL J1722.7+1014,1.37E-11,8.39E-13,2.2088041,fsrq,260.6857616,10.22660375,0.732,LSP,5.64E-12,171.86,TXS 1720+102
4FGL J1724.1+3304,1.55E-12,3.62E-13,2.052637,fsrq,261.0591576,33.05109424,0.548,LSP,1.07E-12,37.5256,B2 1722+33
4FGL J1724.2+4005,1.09E-11,7.01E-13,2.476836,fsrq,261.0226201,40.07679365,1.049,LSP,1.60E-12,-inf,S4 1722+40
4FGL J1724.9+7654,1.85E-12,4.86E-13,2.7175646,fsrq,260.997688,76.88654218,0.68,LSP,2.30E-12,-inf,S5 1726+76
4FGL J1727.4+4530,2.59E-11,7.72E-13,2.4855423,fsrq,261.8652117,45.51103647,0.717,LSP,3.25E-12,11.4067,S4 1726+45
4FGL J1728.0+1216,1.33E-11,9.74E-13,2.454835,fsrq,262.0293801,12.2609682,0.583,LSP,1.68E-12,38.9219,PKS 1725+123
4FGL J1728.4+0427,7.63E-12,9.52E-13,2.5939813,fsrq,262.1039697,4.451364944,0.293,LSP,5.25E-12,-inf,PKS 1725+044
4FGL J1730.6+0024,1.18E-11,9.61E-13,2.2263067,fsrq,262.6458311,0.4107476444,1.335,LSP,5.52E-12,42.773,PKS 1728+004
4FGL J1734.3+3858,2.02E-11,9.34E-13,2.3063028,fsrq,263.5857439,38.96428976,0.976,LSP,2.73E-12,26.8974,B2 1732+38A
4FGL J1736.6+0628,7.75E-12,8.96E-13,2.6290312,fsrq,264.1190987,6.529868567,2.387,,0,-inf,MG1 J173624+0632
4FGL J1738.3+3228,1.73E-12,5.23E-13,2.4540486,fsrq,264.6687622,32.40250778,0.126,ISP,7.33E-12,-inf,MG2 J173841+3224
4FGL J1739.5+4955,1.11E-11,7.01E-13,2.359046,fsrq,264.8641271,49.91760232,1.545,LSP,3.63E-12,44.0307,S4 1738+49
4FGL J1740.0+4737,3.35E-12,4.17E-13,2.0895925,fsrq,264.9880378,47.63287819,0.9519,LSP,1.91E-12,21.0469,S4 1738+47
4FGL J1740.5+5211,2.31E-11,6.88E-13,2.4695618,fsrq,265.1540744,52.19539094,1.381,LSP,5.94E-12,36.6958,4C +51.37
4FGL J1743.9+3747,5.05E-12,6.20E-13,2.278008,fsrq,265.9485168,37.79828644,1.958,LSP,2.20E-13,-inf,B3 1742+378
4FGL J1744.2-0353,5.33E-12,1.17E-12,2.5635247,fsrq,265.9952339,-3.834615769,1.057,LSP,6.85E-12,-inf,PKS 1741-03
4FGL J1748.0+3403,5.66E-12,5.05E-13,2.3365262,fsrq,267.0242487,34.06699469,2.763,LSP,2.00E-12,31.6345,MG2 J174803+3403
4FGL J1753.7+2847,2.18E-12,5.64E-13,2.3962617,fsrq,268.4269735,28.80137191,1.118,LSP,9.35E-13,-inf,B2 1751+28
4FGL J1756.6+1553,9.93E-13,2.38E-13,1.907344,fsrq,269.1405233,15.8955092,0.547,LSP,1.17E-12,16.6237,PKS 1754+159
4FGL J1801.5+4404,1.96E-11,8.12E-13,2.3839076,fsrq,270.3846451,44.07275008,0.663,LSP,3.21E-12,33.3504,S4 1800+44
4FGL J1803.4-6510,3.73E-12,6.59E-13,2.4981344,fsrq,270.8479027,-65.12687817,1.1991,LSP,2.03E-12,-inf,PKS 1758-651
4FGL J1807.9-6412,4.02E-12,7.07E-13,2.5230212,fsrq,271.9751362,-64.23058719,1.016,LSP,8.07E-13,-inf,PMN J1807-6413
4FGL J1808.1-5013,4.89E-12,7.56E-13,2.5816412,fsrq,272.0576485,-50.19822577,1.606,LSP,6.57E-13,-inf,PMN J1808-5011
4FGL J1814.2+4114,2.52E-11,7.10E-12,2.500912,fsrq,273.5946045,41.21822357,1.564,LSP,3.69E-13,-inf,B3 1812+412
4FGL J1814.4+2953,2.78E-12,6.16E-13,2.5534172,fsrq,273.4052784,29.87718639,1.351,,0,-inf,B2 1811+29
4FGL J1816.9-4942,6.97E-12,7.79E-13,2.3907225,fsrq,274.2333091,-49.72907577,1.7,LSP,7.30E-13,-inf,PMN J1816-4943
4FGL J1818.6+0903,1.09E-11,9.34E-13,2.4199698,fsrq,274.6669252,9.062838925,0.354,LSP,1.92E-12,25.4274,MG1 J181841+0903
4FGL J1829.2-5813,3.13E-11,1.08E-12,2.5511644,fsrq,277.3016765,-58.23198942,1.531,,0,14.9495,PKS 1824-582
4FGL J1834.2+3136,3.10E-12,5.94E-13,1.9764358,fsrq,278.5756042,31.606795,0.594,LSP,2.10E-12,46.3033,4C +31.51
4FGL J1839.6-7107,1.10E-10,1.14E-11,2.859278,fsrq,279.3696289,-71.14543915,1.356,LSP,1.33E-12,-inf,PKS 1831-711
4FGL J1842.3+6810,4.23E-12,6.73E-13,2.566545,fsrq,280.6401737,68.15700772,0.472,LSP,2.32E-12,-inf,S4 1842+68
4FGL J1848.5+3243,2.85E-11,1.74E-12,2.4653244,fsrq,282.1431714,32.73337229,0.981,LSP,1.41E-12,17.4483,B2 1846+32B
4FGL J1852.4+4856,1.50E-11,8.10E-13,2.2874281,fsrq,283.1189492,48.92985595,1.25,LSP,2.06E-12,39.2114,S4 1851+48
4FGL J1858.7+5708,2.49E-12,4.07E-13,2.2732754,fsrq,284.7229219,57.1360225,0.077,,0,-inf,87GB 185759.9+570427
4FGL J1902.9-6748,1.21E-11,7.55E-13,2.444122,fsrq,285.7551359,-67.82662715,0.255,LSP,1.82E-12,17.887,PMN J1903-6749
4FGL J1911.2-2006,4.56E-11,1.63E-12,2.449418,fsrq,287.7902204,-20.1153081,1.119,LSP,7.66E-12,24.3423,PKS B1908-201
4FGL J1912.4+3738,9.50E-12,1.28E-12,2.4292681,fsrq,288.1046753,37.67684555,1.104,LSP,8.34E-13,-inf,TXS 1910+375
4FGL J1913.0-8009,1.78E-11,1.07E-12,2.4530983,fsrq,288.1667464,-80.16831853,1.756,LSP,6.87E-13,11.3206,PKS 1903-80
4FGL J1923.5-2104,2.50E-11,1.14E-12,2.2866635,fsrq,290.8841242,-21.07592588,0.874,LSP,1.01E-11,28.6046,TXS 1920-211
4FGL J1924.8-2914,2.49E-11,9.24E-13,2.3880732,fsrq,291.2127332,-29.2417003,0.353,LSP,2.43E-11,34.6636,PKS B1921-293
4FGL J1925.1-3358,7.23E-12,7.58E-13,2.6441514,fsrq,291.3209229,-34.01709366,1.523,LSP,3.77E-13,-inf,PKS 1921-341
4FGL J1933.2-4539,6.17E-12,6.33E-13,2.639146,fsrq,293.1870323,-45.61053584,0.652,LSP,7.35E-13,-inf,PKS 1929-457
4FGL J1934.3+6541,3.68E-12,5.54E-13,2.8572712,fsrq,293.4889053,65.67134125,1.687,LSP,4.72E-13,-inf,TXS 1933+655
4FGL J1934.5+6139,3.68E-12,5.54E-13,2.1847978,fsrq,293.6695251,61.64489365,1.749,LSP,4.03E-13,-inf,GB6 J1934+6138
4FGL J1937.2-3958,1.19E-11,7.83E-13,2.6610827,fsrq,294.3175723,-39.96709813,0.965,LSP,1.62E-12,-inf,PKS 1933-400
4FGL J1939.5-1525,3.33E-12,6.64E-13,2.4169264,fsrq,294.861074,-15.42862736,1.657,LSP,4.43E-13,-inf,PKS 1936-15
4FGL J1951.8-0511,3.56E-12,7.14E-13,2.365637,fsrq,297.9477852,-5.162211717,1.083,LSP,6.11E-13,-inf,PMN J1951-0509
4FGL J1955.4+5132,8.76E-12,7.94E-13,2.5535762,fsrq,298.9280761,51.53015171,1.214,LSP,2.05E-12,-inf,OV 591
4FGL J1957.1-3231,4.10E-12,7.45E-13,2.5789976,fsrq,299.2477303,-32.42944642,1.242,LSP,1.55E-12,-inf,PKS 1953-325
4FGL J1958.0-3845,3.32E-11,1.10E-12,2.3396666,fsrq,299.499247,-38.75176554,0.63,LSP,4.59E-12,17.0084,PKS 1954-388
4FGL J1959.1-4247,1.07E-11,8.28E-13,2.4561324,fsrq,299.8053239,-42.76875348,2.174,LSP,1.38E-12,-inf,PMN J1959-4246
4FGL J2000.3-2930,8.34E-12,7.54E-13,2.466053,fsrq,300.0706977,-29.50734391,0.652,,0,27.2536,PMN J2000-2931
4FGL J2000.6-1328,5.64E-12,7.60E-13,2.5011346,fsrq,300.1756046,-13.42598141,0.222,LSP,5.77E-12,-inf,TXS 1957-135
4FGL J2000.9-1748,1.73E-11,8.87E-13,2.2684531,fsrq,300.2378768,-17.81602018,0.652,LSP,5.65E-12,110.674,PKS 1958-179
4FGL J2005.2-1822,3.98E-12,6.97E-13,2.4821615,fsrq,301.3220548,-18.3675894,0.868,LSP,3.46E-12,79.3316,PKS 2002-185
4FGL J2005.8+6424,2.83E-12,5.55E-13,2.366799,fsrq,301.5737273,64.41261609,1.574,LSP,1.58E-12,-inf,87GB 200541.3+641601
4FGL J2005.9-2309,1.33E-11,8.95E-13,2.4980505,fsrq,301.4858146,-23.17416923,0.83,LSP,1.65E-12,-inf,TXS 2002-233
4FGL J2007.2+6607,4.19E-12,7.97E-13,2.5809913,fsrq,301.8698796,66.12292643,1.325,LSP,5.01E-13,-inf,TXS 2007+659
4FGL J2010.0+0726,5.74E-12,8.55E-13,2.6166403,fsrq,302.4812809,7.453796436,0.762,LSP,4.89E-13,-inf,TXS 2007+073
4FGL J2011.6-1546,4.76E-12,9.60E-13,2.8164773,fsrq,302.8154622,-15.77784827,1.178,LSP,3.38E-12,-inf,PKS 2008-159
4FGL J2015.4+6556,3.59E-12,7.54E-13,2.5374777,fsrq,303.9807026,65.91462729,2.845,LSP,5.34E-13,-inf,S4 2015+65
4FGL J2023.6-1139,1.00E-11,8.21E-13,2.1108837,fsrq,305.9029215,-11.66619192,0.698,LSP,5.38E-13,12.9619,PMN J2023-1140
4FGL J2024.6-3252,1.26E-11,7.16E-13,2.4765327,fsrq,306.1482351,-32.89330893,1.465,LSP,1.29E-12,17.3765,PKS 2021-330
4FGL J2025.2+0317,8.44E-12,6.91E-13,2.17633,fsrq,306.290134,3.279029006,2.21,LSP,5.04E-13,32.3584,PKS 2022+031
4FGL J2025.6-0735,8.66E-11,1.66E-12,2.2898736,fsrq,306.4194184,-7.597969133,1.388,LSP,6.02E-12,52.7626,PKS 2023-07
4FGL J2026.0-2845,4.09E-12,5.99E-13,2.578417,fsrq,306.4733868,-28.76352717,0.884,LSP,4.41E-13,-inf,PMN J2025-2845
4FGL J2030.2-0620,4.47E-12,6.83E-13,2.403819,fsrq,307.5630792,-6.370814767,0.667,LSP,7.49E-13,57.3379,TXS 2027-065
4FGL J2030.4-0502,1.80E-12,4.63E-13,2.002924,fsrq,307.5934516,-5.053548975,0.543,LSP,1.41E-12,45.7892,TXS 2027-052
4FGL J2030.5-1439,2.48E-12,4.58E-13,1.8650532,fsrq,307.6163494,-14.65475653,0.234,,0,43.8585,NVSS J203028-143918
4FGL J2034.6+1154,1.06E-11,1.22E-12,2.5398796,fsrq,308.6546234,11.9087179,0.607,LSP,1.26E-12,10.3086,TXS 2032+117
4FGL J2035.4+1056,5.88E-11,1.72E-12,2.390672,fsrq,308.8430555,10.93521893,0.601,LSP,3.02E-12,53.285,PKS 2032+107
4FGL J2040.2-2506,2.71E-12,5.07E-13,2.4552956,fsrq,310.0365539,-25.12962875,1.574,,0,-inf,PKS 2037-253
4FGL J2047.1-7400,1.69E-12,3.99E-13,2.6502583,fsrq,311.7381592,-74.00114441,0.526,LSP,2.43E-12,-inf,PKS 2041-741
4FGL J2050.4-2627,5.22E-12,6.37E-13,2.2193902,fsrq,312.602891,-26.47168255,1.633,LSP,1.11E-12,-inf,PMN J2050-2628
4FGL J2056.2-4714,6.75E-11,1.25E-12,2.4534748,fsrq,314.0681659,-47.24656327,1.489,LSP,8.42E-12,56.2388,PKS 2052-47
4FGL J2101.4-2935,4.08E-12,6.13E-13,2.8067174,fsrq,315.2569166,-29.55773229,1.492,,0,-inf,PKS 2058-297
4FGL J2108.5+1434,7.01E-12,7.05E-13,2.765415,fsrq,317.1709673,14.50750351,2.017,LSP,2.71E-13,-inf,OX 110
4FGL J2110.2-1021,2.94E-12,6.24E-13,2.5506694,fsrq,317.5040791,-10.3492555,2.5004,LSP,5.57E-13,-inf,PKS 2107-105
4FGL J2110.3+0808,7.22E-12,7.43E-13,2.396214,fsrq,317.5403195,8.165384492,1.58,LSP,4.55E-13,-inf,PMN J2110+0810
4FGL J2114.8+2831,4.38E-12,8.04E-13,2.7117903,fsrq,318.7430567,28.54922129,2.345,LSP,4.11E-13,-inf,B2 2112+28B
4FGL J2115.4+2932,2.35E-11,1.17E-12,2.3304124,fsrq,318.8725561,29.56065749,1.514,LSP,1.14E-12,19.9782,B2 2113+29
4FGL J2118.0+0019,2.92E-12,5.63E-13,2.5723736,fsrq,319.5724938,0.221335875,0.463,LSP,1.10E-12,-inf,PMN J2118+0013
4FGL J2119.6-1105,3.31E-12,5.50E-13,2.3651042,fsrq,319.9161703,-11.10408244,1.844,LSP,2.50E-13,-inf,PKS 2116-11
4FGL J2120.6-6114,4.09E-12,5.42E-13,2.2919993,fsrq,320.2669678,-61.1901741,1.017,LSP,6.46E-13,-inf,PMN J2121-6111
4FGL J2121.0+1901,2.20E-11,1.11E-12,2.2199636,fsrq,320.2525277,19.02452203,2.18,LSP,1.52E-13,37.2822,OX 131
4FGL J2123.6+0535,5.53E-12,6.17E-13,2.389792,fsrq,320.9354892,5.589470283,1.941,LSP,2.25E-12,29.1975,OX 036
4FGL J2135.3-5006,1.32E-11,6.19E-13,2.430213,fsrq,323.8339626,-50.11437001,2.181,LSP,3.13E-13,11.9927,PMN J2135-5006
4FGL J2136.2+0032,3.49E-12,5.67E-13,2.8774724,fsrq,324.1607764,0.6983924194,1.941,,0,-inf,OX 057
4FGL J2141.8-3727,7.23E-12,5.46E-13,2.6226625,fsrq,325.4685375,-37.48694199,0.423,LSP,1.07E-12,-inf,PKS 2138-377
4FGL J2142.7-0437,2.81E-12,5.18E-13,2.29698,fsrq,325.653757,-4.628753456,0.344,LSP,2.09E-12,-inf,PKS 2140-048
4FGL J2143.5+1743,7.24E-11,1.39E-12,2.4942126,fsrq,325.8981024,17.73021878,0.211,LSP,1.00E-11,182.526,OX 169
4FGL J2144.3-7802,3.85E-12,6.83E-13,3.060905,fsrq,326.6252897,-77.93187071,0.732,LSP,1.50E-12,-inf,PKS 2141-781
4FGL J2145.0-3356,1.46E-11,7.88E-13,2.2998946,fsrq,326.2547189,-33.95455328,1.36,LSP,9.38E-13,20.3219,PMN J2145-3357
4FGL J2146.4-1528,5.74E-12,6.04E-13,2.7959394,fsrq,326.5957472,-15.42885712,0.698,LSP,2.67E-12,-inf,PKS 2143-156
4FGL J2148.6+0652,5.51E-12,7.40E-13,2.8035858,fsrq,327.0227445,6.960723389,0.99,LSP,1.65E-11,-inf,PKS 2145+06
4FGL J2150.7-2810,3.40E-12,5.32E-13,2.1577048,fsrq,327.7211998,-28.21161511,0.865,LSP,9.45E-13,34.1953,PMN J2150-2812
4FGL J2151.7-2749,6.09E-12,6.96E-13,2.7142756,fsrq,327.8414612,-27.7064724,1.485,LSP,2.62E-12,-inf,PMN J2151-2742
4FGL J2151.8-3027,3.46E-11,1.02E-12,2.8536994,fsrq,327.9813499,-30.46491614,2.345,LSP,1.36E-12,-inf,PKS 2149-306
4FGL J2153.8-1137,1.05E-11,7.26E-13,2.5523343,fsrq,328.4593427,-11.60391955,1.582,LSP,1.68E-12,11.2851,PMN J2153-1136
4FGL J2156.3-0036,6.89E-12,6.62E-13,2.249129,fsrq,329.0614914,-0.6179428806,0.495,LSP,1.96E-12,-inf,PKS B2153-008
4FGL J2157.5+3127,3.32E-11,1.11E-12,2.3106365,fsrq,329.3700995,31.4503755,1.486,LSP,2.80E-12,54.5963,B2 2155+31
4FGL J2158.1-1501,9.52E-12,8.04E-13,2.1813343,fsrq,329.5261745,-15.0192579,0.672,LSP,3.50E-12,61.1409,PKS 2155-152
4FGL J2201.5-8339,2.26E-11,1.41E-12,2.5543993,fsrq,330.5801549,-83.63661948,1.865,LSP,1.26E-12,17.6488,PKS 2155-83
4FGL J2203.4+1725,3.58E-11,1.14E-12,2.3208747,fsrq,330.862057,17.43006881,1.076,LSP,1.01E-11,62.6172,PKS 2201+171
4FGL J2207.5-5346,8.32E-12,5.10E-13,2.4354997,fsrq,331.9322221,-53.7760611,1.215,LSP,1.50E-12,56.8271,PKS 2204-54
4FGL J2212.0+2356,1.10E-11,8.60E-13,2.2121663,fsrq,333.0248597,23.92792885,1.125,LSP,7.91E-13,45.4743,PKS 2209+236
4FGL J2212.8+0647,6.58E-12,9.21E-13,2.486292,fsrq,333.2118304,6.769094731,1.12,LSP,1.61E-12,27.4165,TXS 2210+065
4FGL J2212.9-2526,5.19E-12,4.88E-13,2.2551353,fsrq,333.2604083,-25.49168906,1.833,LSP,2.04E-12,25.2925,PKS 2210-25
4FGL J2216.8+3103,3.04E-12,6.23E-13,2.5769367,fsrq,334.1779602,31.04315675,2.462,,0,-inf,S3 2214+30
4FGL J2219.2+1806,1.40E-11,8.92E-13,2.2830312,fsrq,334.8087187,18.10988357,1.071,LSP,3.52E-13,28.3111,MG1 J221916+1806
4FGL J2219.2-0342,4.61E-12,6.58E-13,2.6821742,fsrq,334.7168239,-3.59357765,0.901,LSP,7.85E-12,-inf,PKS 2216-03
4FGL J2221.9-3504,2.51E-12,3.99E-13,2.676793,fsrq,335.6127526,-35.16389099,0.298,,0,-inf,NVSS J222227-350942
4FGL J2225.6+2120,4.73E-12,6.35E-13,2.8110652,fsrq,336.4085297,21.30178197,1.959,LSP,4.95E-12,-inf,PKS 2223+21
4FGL J2225.7-0457,1.38E-11,8.91E-13,2.4254725,fsrq,336.4469137,-4.950386322,1.404,LSP,1.30E-11,-inf,3C 446
4FGL J2226.8+0051,3.06E-12,7.91E-13,2.5434813,fsrq,336.6939042,0.8698143222,2.262,LSP,1.39E-12,-inf,PKS B2224+006
4FGL J2231.0-4416,4.32E-12,4.22E-13,2.42652,fsrq,337.7351788,-44.27497018,1.326,LSP,1.70E-12,10.2894,PKS 2227-445
4FGL J2235.3-4836,1.05E-11,5.38E-13,2.510891,fsrq,338.8051524,-48.59966515,0.51,LSP,3.18E-12,67.6636,PKS 2232-488
4FGL J2236.3+2828,4.10E-11,1.09E-12,2.2683668,fsrq,339.0936285,28.4826148,0.79,LSP,7.01E-12,39.4394,B2 2234+28A
4FGL J2237.0-3921,5.44E-12,4.72E-13,2.38055,fsrq,339.2837856,-39.36058051,0.297,LSP,2.47E-12,37.6963,NVSS J223708-392137
4FGL J2239.2-5657,1.36E-12,3.29E-13,2.2719483,fsrq,339.8003163,-57.01689987,0.569,,0,-inf,PKS 2236-572
4FGL J2244.2+4057,5.49E-11,1.71E-12,2.118561,fsrq,341.0530464,40.95378345,1.171,LSP,4.17E-12,71.1779,TXS 2241+406
4FGL J2247.5-3700,6.75E-12,6.96E-13,2.4237442,fsrq,341.7658691,-36.96289063,2.252,LSP,6.25E-13,-inf,PKS 2244-37
4FGL J2248.7-3235,5.07E-12,5.19E-13,2.7611105,fsrq,342.1611906,-32.59783006,2.268,LSP,7.70E-13,-inf,PKS 2245-328
4FGL J2248.9+2106,3.09E-12,5.34E-13,2.298017,fsrq,342.2523613,21.1174543,1.274,LSP,7.28E-13,-inf,PKS 2246+208
4FGL J2256.0-2740,1.10E-11,1.39E-12,3.0227165,fsrq,344.000649,-27.59892206,1.751,LSP,3.87E-13,-inf,PKS 2253-278
4FGL J2258.1-2759,2.69E-11,1.38E-12,2.4142509,fsrq,344.5248453,-27.97257133,0.926,LSP,9.89E-12,14.6755,PKS 2255-282
4FGL J2259.7-3549,3.16E-12,4.35E-13,2.2787406,fsrq,344.9242763,-35.81295196,0.753,LSP,2.84E-13,26.3005,NVSS J225941-354846
4FGL J2300.7-2645,7.93E-12,8.14E-13,2.4053926,fsrq,345.1062622,-26.73966217,1.476,LSP,2.45E-13,-inf,PKS 2257-270
4FGL J2301.0-0158,8.65E-12,6.19E-13,2.4443276,fsrq,345.2832436,-1.967940464,0.778,LSP,1.56E-12,13.624,PKS B2258-022
4FGL J2311.8+4541,4.76E-12,5.51E-13,2.636568,fsrq,347.9475403,45.73222733,1.447,LSP,8.08E-13,-inf,MG4 J231144+4543
4FGL J2320.8-0823,1.63E-12,4.45E-13,2.6480017,fsrq,350.3260498,-8.455978394,3.164,LSP,1.00E-13,-inf,PKS 2318-087
4FGL J2321.9+3204,3.26E-11,1.25E-12,2.2558124,fsrq,350.4789833,32.06878405,1.489,LSP,1.86E-12,25.0748,B2 2319+31
4FGL J2321.9+2734,7.17E-12,6.14E-13,2.1519346,fsrq,350.499426,27.54623438,1.253,LSP,1.62E-12,49.5646,4C +27.50
4FGL J2322.1+4440,2.57E-12,5.28E-13,2.3436737,fsrq,350.5848253,44.76176491,1.31,LSP,6.95E-13,-inf,B3 2319+444
4FGL J2323.5-0317,4.46E-11,1.23E-12,2.2643836,fsrq,350.8831406,-3.284728839,1.393,LSP,3.31E-12,54.2935,PKS 2320-035
4FGL J2323.6-0617,3.05E-12,4.77E-13,2.3998632,fsrq,350.912974,-6.299788864,2.144,LSP,2.71E-13,-inf,TXS 2321-065
4FGL J2325.4-3559,1.59E-11,7.34E-13,2.3218386,fsrq,351.3692017,-35.96505356,0.36,LSP,1.59E-12,14.9063,CTS 0490
4FGL J2327.5+0939,2.12E-11,9.57E-13,2.6927953,fsrq,351.889919,9.669295208,1.843,LSP,1.68E-12,-inf,PKS 2325+093
4FGL J2328.3-4036,2.27E-11,1.10E-12,2.3817308,fsrq,352.0802702,-40.58606829,1.972,LSP,1.36E-12,44.3969,PKS 2325-408
4FGL J2329.0+0832,3.42E-12,7.10E-13,2.474708,fsrq,352.2741115,8.571070606,0.948,LSP,2.13E-13,-inf,PMN J2329+0834
4FGL J2329.3-4733,4.16E-12,5.74E-13,2.507463,fsrq,352.3237681,-47.50530966,1.302,LSP,2.39E-12,-inf,PKS 2326-477
4FGL J2330.5+1102,5.15E-12,6.56E-13,2.7867525,fsrq,352.6702177,11.00519716,1.489,LSP,2.77E-12,-inf,4C +10.73
4FGL J2331.0-2147,1.10E-11,1.17E-12,2.4381886,fsrq,352.7667737,-21.80423261,0.563,LSP,6.80E-13,17.7937,PMN J2331-2148
4FGL J2331.3-1558,2.80E-12,5.83E-13,2.5420866,fsrq,352.9110518,-15.94916939,1.153,LSP,9.85E-13,-inf,PKS 2329-16
4FGL J2332.1-4118,1.98E-12,4.45E-13,2.2736459,fsrq,353.0793679,-41.31043945,0.671,LSP,9.53E-13,30.9566,PKS 2329-415
4FGL J2333.4-0133,3.94E-12,4.45E-13,2.5112414,fsrq,353.3195496,-1.518718362,1.062,LSP,5.46E-13,-inf,PKS B2330-017
4FGL J2334.2+0736,6.68E-12,6.70E-13,2.4706018,fsrq,353.5534507,7.607653136,0.401,LSP,2.56E-12,-inf,TXS 2331+073
4FGL J2335.4-0128,7.23E-12,7.02E-13,2.4672556,fsrq,353.8350502,-1.519330928,1.182,LSP,1.04E-12,-inf,PKS 2332-017
4FGL J2336.6-4115,8.43E-12,5.61E-13,2.326325,fsrq,354.1416045,-41.25610666,1.406,LSP,2.32E-12,18.3518,PKS 2333-415
4FGL J2338.0-0230,1.19E-11,7.27E-13,2.4904866,fsrq,354.4889128,-2.516008128,1.071,LSP,4.00E-12,48.1471,PKS 2335-027
4FGL J2348.0-1630,2.81E-11,1.09E-12,2.338661,fsrq,357.0108688,-16.52000614,0.576,LSP,6.27E-12,50.2146,PKS 2345-16
4FGL J2349.4+0534,3.43E-12,5.54E-13,2.4666255,fsrq,357.3377146,5.577742372,0.419,LSP,1.86E-12,16.5293,TXS 2346+052
4FGL J2354.1-0958,1.51E-12,4.43E-13,2.438216,fsrq,358.5231041,-9.963618825,0.989,LSP,2.81E-13,-inf,PMN J2354-0957
4FGL J2354.6+4554,2.93E-12,5.32E-13,2.3059368,fsrq,358.5903342,45.88451012,1.992,LSP,6.84E-13,-inf,4C +45.51
4FGL J2354.9+8151,3.79E-12,6.06E-13,2.5367713,fsrq,359.0949747,81.88118198,1.344,LSP,2.06E-12,-inf,S5 2353+81
4FGL J2357.8-5311,7.59E-12,6.15E-13,2.6373534,fsrq,359.4719419,-53.18713597,1.006,LSP,3.45E-12,16.9539,PKS 2355-534
4FGL J2358.3-1021,1.09E-11,6.46E-13,2.5930922,fsrq,359.5453433,-10.33572539,1.638,LSP,1.43E-12,-inf,PKS 2355-106
4FGL J2359.0+3922,2.90E-12,5.73E-13,2.3477888,fsrq,359.7493965,39.37452943,1.198,LSP,1.28E-12,-inf,B2 2356+39
4FGL J2359.2-3134,1.56E-12,3.80E-13,2.604698,fsrq,359.8978882,-31.56217384,0.99,LSP,4.17E-13,-inf,PKS 2357-318
4FGL J0102.8+5824,4.73E-11,1.59E-12,2.2917833,fsrq,15.69067658,58.40309351,0.644,LSP,2.21E-11,43.6534,TXS 0059+581
4FGL J0109.7+6133,3.53E-11,1.90E-12,2.6183212,fsrq,17.44310147,61.55845991,0.783,LSP,2.76E-12,-inf,TXS 0106+612
4FGL J0228.7+6718,7.86E-12,1.23E-12,2.5844798,fsrq,37.20854789,67.35084149,0.523,LSP,5.24E-12,-inf,4C +67.05
4FGL J0253.9+5103,1.39E-11,1.03E-12,2.468202,fsrq,43.49003318,51.04901555,1.732,LSP,2.70E-13,21.6876,TXS 0250+508
4FGL J0347.0+4844,6.26E-12,1.11E-12,2.576533,fsrq,56.79838886,48.71040927,2.043,LSP,2.83E-12,-inf,IVS B0343+485
4FGL J0358.9+6004,7.98E-12,1.07E-12,2.5969458,fsrq,59.76099969,60.08946378,0.455,LSP,5.46E-12,-inf,TXS 0354+599
4FGL J0359.6+5057,3.48E-11,2.16E-12,2.6621168,fsrq,59.87394699,50.96393387,1.52,LSP,1.37E-11,-inf,NRAO 150
4FGL J0533.3+4823,3.11E-11,1.16E-12,2.408905,fsrq,83.31610748,48.3813355,1.16,LSP,6.68E-12,34.0696,TXS 0529+483
4FGL J0555.6+3947,1.49E-11,1.11E-12,2.758912,fsrq,88.87835674,39.81365694,2.365,LSP,1.75E-12,-inf,B2 0552+39A
4FGL J0601.4+2320,1.04E-11,1.62E-12,2.754721,fsrq,90.44732097,23.414857,0.274,LSP,2.04E-12,-inf,MG2 J060149+2324
4FGL J0643.3+0857,3.08E-11,1.84E-12,2.550468,fsrq,100.8601877,8.960558892,0.882,LSP,3.92E-12,22.4933,PMN J0643+0857
4FGL J0648.4-1743,1.62E-11,1.37E-12,2.4521446,fsrq,102.1187438,-17.73484422,1.232,LSP,1.31E-12,90.7018,TXS 0646-176
4FGL J0656.3-0322,3.23E-11,1.94E-12,2.566331,fsrq,104.0463357,-3.385217381,0.634,LSP,1.58E-12,10.5219,TXS 0653-033
4FGL J0659.9+1709,5.05E-12,7.10E-13,2.550457,fsrq,105.0063564,17.15602814,1.08,,0,-inf,TXS 0657+172
4FGL J0709.7-0255,3.04E-11,1.20E-12,2.2852013,fsrq,107.4377275,-2.921526875,1.472,LSP,3.35E-12,32.3296,PMN J0709-0255
4FGL J0721.3+0405,1.42E-11,8.90E-13,2.5645173,fsrq,110.3496249,4.112281403,0.665,LSP,1.33E-12,-inf,PMN J0721+0406
4FGL J0730.3-1141,1.40E-10,2.29E-12,2.2953987,fsrq,112.5796353,-11.6868335,1.589,LSP,1.49E-11,44.8779,PKS 0727-11
4FGL J0845.7-5556,5.38E-12,7.61E-13,2.2851,fsrq,131.4569991,-55.92409502,0.433,LSP,8.21E-13,-inf,PMN J0845-5555
4FGL J0922.7-3959,9.31E-12,8.88E-13,2.6060514,fsrq,140.6934094,-39.99307449,0.595,LSP,2.05E-12,-inf,PKS 0920-39
4FGL J1038.8-5312,2.18E-11,1.33E-12,2.7373202,fsrq,159.6694047,-53.19535292,1.45,LSP,1.40E-12,-inf,MRC 1036-529
4FGL J1145.7-6949,4.93E-12,9.11E-13,2.6875026,fsrq,176.473434,-69.90049934,0.244,LSP,9.58E-12,-inf,PKS 1143-696
4FGL J1147.4-6758,4.21E-12,1.10E-12,2.5480072,fsrq,176.8891647,-67.89493607,0.21,LSP,6.52E-12,-inf,PKS 1145-676
4FGL J1514.8-4748,1.76E-11,1.12E-12,2.3864365,fsrq,228.6667691,-47.80829373,1.5512,LSP,2.94E-12,27.9115,PMN J1514-4748
4FGL J1610.3-3958,1.44E-11,1.41E-12,2.582702,fsrq,242.5911629,-39.98286931,0.518,LSP,5.22E-12,24.8353,PMN J1610-3958
4FGL J1617.3-5849,1.44E-11,1.39E-12,2.5351884,fsrq,244.3245469,-58.80218341,1.414,LSP,3.08E-12,-inf,MRC 1613-586
4FGL J1628.8-6149,1.09E-11,1.08E-12,2.6405869,fsrq,247.2278742,-61.87677725,2.578,,0,-inf,LQAC 247-061
4FGL J1656.3-3301,1.90E-11,1.83E-12,2.7887604,fsrq,254.0702543,-33.03633244,2.4,LSP,6.78E-13,-inf,2MASS J16561677-3302127
4FGL J1717.6-5154,1.11E-11,1.52E-12,2.586935,fsrq,259.3945491,-51.92553468,1.158,LSP,7.32E-13,-inf,PMN J1717-5155
4FGL J1802.6-3940,5.61E-11,1.82E-12,2.3674352,fsrq,270.6778335,-39.66886341,0.296,LSP,4.79E-12,24.2055,PMN J1802-3940
4FGL J1830.1+0617,1.27E-11,1.18E-12,2.3734539,fsrq,277.5247494,6.321097856,0.745,LSP,1.88E-12,13.1287,TXS 1827+062
4FGL J1955.2+1358,1.07E-11,1.11E-12,2.40872,fsrq,298.7982141,13.97117809,0.743,LSP,6.28E-12,-inf,87GB 195252.4+135009
4FGL J2038.7+5117,1.08E-11,2.26E-12,2.5731895,fsrq,309.6543114,51.32018404,1.686,LSP,2.94E-12,-inf,3C 418
4FGL J2201.8+5048,5.99E-11,1.62E-12,2.6604488,fsrq,330.4314052,50.81566367,1.899,LSP,1.14E-12,23.0073,NRAO 676
